,Region,Department,Commune_Code_INSEE,City,latitude,longitude
0,PROVENCE-ALPES-COTE D'AZUR,HAUTES-ALPES,05061,GAP,44.5798600596,6.06486052138
1,PROVENCE-ALPES-COTE D'AZUR,HAUTES-ALPES,05061,GAP,44.5798600596,6.06486052138
2,PROVENCE-ALPES-COTE D'AZUR,HAUTES-ALPES,05061,GAP,44.5798600596,6.06486052138
3,PROVENCE-ALPES-COTE D'AZUR,HAUTES-ALPES,05061,GAP,44.5798600596,6.06486052138
4,,,05061,,,
5,,,05061,,,
6,,,05061,,,
7,,,05061,,,
1444,,,05061,,,
8,PROVENCE-ALPES-COTE D'AZUR,ALPES-MARITIMES,06004,ANTIBES,43.587465146,7.10635418256
9,PROVENCE-ALPES-COTE D'AZUR,ALPES-MARITIMES,06004,ANTIBES,43.587465146,7.10635418256
10,PROVENCE-ALPES-COTE D'AZUR,ALPES-MARITIMES,06004,ANTIBES,43.587465146,7.10635418256
11,PROVENCE-ALPES-COTE D'AZUR,ALPES-MARITIMES,06004,ANTIBES,43.587465146,7.10635418256
12,,,06004,,,
13,,,06004,,,
14,,,06004,,,
15,,,06004,,,
1445,,,06004,,,
16,PROVENCE-ALPES-COTE D'AZUR,ALPES-MARITIMES,06027,CAGNES SUR MER,43.6715162078,7.15275703379
17,PROVENCE-ALPES-COTE D'AZUR,ALPES-MARITIMES,06027,CAGNES SUR MER,43.6715162078,7.15275703379
18,PROVENCE-ALPES-COTE D'AZUR,ALPES-MARITIMES,06027,CAGNES SUR MER,43.6715162078,7.15275703379
19,PROVENCE-ALPES-COTE D'AZUR,ALPES-MARITIMES,06027,CAGNES SUR MER,43.6715162078,7.15275703379
20,,,06027,,,
21,,,06027,,,
22,,,06027,,,
23,,,06027,,,
1446,,,06027,,,
24,PROVENCE-ALPES-COTE D'AZUR,ALPES-MARITIMES,06029,CANNES,43.5526202843,7.00427592728
25,PROVENCE-ALPES-COTE D'AZUR,ALPES-MARITIMES,06029,CANNES,43.5526202843,7.00427592728
26,PROVENCE-ALPES-COTE D'AZUR,ALPES-MARITIMES,06029,CANNES,43.5526202843,7.00427592728
27,PROVENCE-ALPES-COTE D'AZUR,ALPES-MARITIMES,06029,CANNES,43.5526202843,7.00427592728
28,,,06029,,,
29,,,06029,,,
30,,,06029,,,
31,,,06029,,,
1447,,,06029,,,
32,PROVENCE-ALPES-COTE D'AZUR,ALPES-MARITIMES,06030,LE CANNET,43.5729768613,7.00642057758
33,PROVENCE-ALPES-COTE D'AZUR,ALPES-MARITIMES,06030,LE CANNET,43.5729768613,7.00642057758
34,PROVENCE-ALPES-COTE D'AZUR,ALPES-MARITIMES,06030,LE CANNET,43.5729768613,7.00642057758
35,PROVENCE-ALPES-COTE D'AZUR,ALPES-MARITIMES,06030,LE CANNET,43.5729768613,7.00642057758
36,,,06030,,,
37,,,06030,,,
38,,,06030,,,
39,,,06030,,,
1448,,,06030,,,
40,PROVENCE-ALPES-COTE D'AZUR,ALPES-MARITIMES,06069,GRASSE,43.655639428,6.93190508233
41,PROVENCE-ALPES-COTE D'AZUR,ALPES-MARITIMES,06069,GRASSE,43.655639428,6.93190508233
42,PROVENCE-ALPES-COTE D'AZUR,ALPES-MARITIMES,06069,GRASSE,43.655639428,6.93190508233
43,PROVENCE-ALPES-COTE D'AZUR,ALPES-MARITIMES,06069,GRASSE,43.655639428,6.93190508233
44,,,06069,,,
45,,,06069,,,
46,,,06069,,,
47,,,06069,,,
1449,,,06069,,,
48,PROVENCE-ALPES-COTE D'AZUR,ALPES-MARITIMES,06079,MANDELIEU LA NAPOULE,43.5380510468,6.91808936542
49,PROVENCE-ALPES-COTE D'AZUR,ALPES-MARITIMES,06079,MANDELIEU LA NAPOULE,43.5380510468,6.91808936542
50,PROVENCE-ALPES-COTE D'AZUR,ALPES-MARITIMES,06079,MANDELIEU LA NAPOULE,43.5380510468,6.91808936542
51,PROVENCE-ALPES-COTE D'AZUR,ALPES-MARITIMES,06079,MANDELIEU LA NAPOULE,43.5380510468,6.91808936542
52,,,06079,,,
53,,,06079,,,
54,,,06079,,,
55,,,06079,,,
1450,,,06079,,,
56,PROVENCE-ALPES-COTE D'AZUR,ALPES-MARITIMES,06083,MENTON,43.7908233727,7.49365612374
57,PROVENCE-ALPES-COTE D'AZUR,ALPES-MARITIMES,06083,MENTON,43.7908233727,7.49365612374
58,PROVENCE-ALPES-COTE D'AZUR,ALPES-MARITIMES,06083,MENTON,43.7908233727,7.49365612374
59,PROVENCE-ALPES-COTE D'AZUR,ALPES-MARITIMES,06083,MENTON,43.7908233727,7.49365612374
60,,,06083,,,
61,,,06083,,,
62,,,06083,,,
63,,,06083,,,
1451,,,06083,,,
64,PROVENCE-ALPES-COTE D'AZUR,ALPES-MARITIMES,06085,MOUGINS,43.5961410556,7.00129444919
65,,,06085,,,
66,,,06085,,,
67,,,06085,,,
68,,,06085,,,
1452,,,06085,,,
69,PROVENCE-ALPES-COTE D'AZUR,ALPES-MARITIMES,06088,NICE,43.7119992661,7.23826889465
70,PROVENCE-ALPES-COTE D'AZUR,ALPES-MARITIMES,06088,NICE,43.7119992661,7.23826889465
71,PROVENCE-ALPES-COTE D'AZUR,ALPES-MARITIMES,06088,NICE,43.7119992661,7.23826889465
72,PROVENCE-ALPES-COTE D'AZUR,ALPES-MARITIMES,06088,NICE,43.7119992661,7.23826889465
73,,,06088,,,
74,,,06088,,,
75,,,06088,,,
76,,,06088,,,
1453,,,06088,,,
77,PROVENCE-ALPES-COTE D'AZUR,ALPES-MARITIMES,06123,SAINT LAURENT DU VAR,43.6859625772,7.18218791815
78,PROVENCE-ALPES-COTE D'AZUR,ALPES-MARITIMES,06123,SAINT LAURENT DU VAR,43.6859625772,7.18218791815
79,PROVENCE-ALPES-COTE D'AZUR,ALPES-MARITIMES,06123,SAINT LAURENT DU VAR,43.6859625772,7.18218791815
80,PROVENCE-ALPES-COTE D'AZUR,ALPES-MARITIMES,06123,SAINT LAURENT DU VAR,43.6859625772,7.18218791815
81,,,06123,,,
82,,,06123,,,
83,,,06123,,,
84,,,06123,,,
1454,,,06123,,,
85,PROVENCE-ALPES-COTE D'AZUR,ALPES-MARITIMES,06155,VALLAURIS,43.5766472999,7.05836612893
86,PROVENCE-ALPES-COTE D'AZUR,ALPES-MARITIMES,06155,VALLAURIS,43.5766472999,7.05836612893
87,PROVENCE-ALPES-COTE D'AZUR,ALPES-MARITIMES,06155,VALLAURIS,43.5766472999,7.05836612893
88,PROVENCE-ALPES-COTE D'AZUR,ALPES-MARITIMES,06155,VALLAURIS,43.5766472999,7.05836612893
89,,,06155,,,
90,,,06155,,,
91,,,06155,,,
92,,,06155,,,
1455,,,06155,,,
93,GRAND-EST,AUBE,10387,TROYES,48.2967099637,4.07827967525
94,GRAND-EST,AUBE,10387,TROYES,48.2967099637,4.07827967525
95,,,10387,,,
96,,,10387,,,
97,,,10387,,,
98,,,10387,,,
1456,,,10387,,,
99,OCCITANIE,AUDE,11262,NARBONNE,43.1652399898,3.02023868739
100,OCCITANIE,AUDE,11262,NARBONNE,43.1652399898,3.02023868739
101,OCCITANIE,AUDE,11262,NARBONNE,43.1652399898,3.02023868739
102,,,11262,,,
103,,,11262,,,
104,,,11262,,,
105,,,11262,,,
1457,,,11262,,,
106,PROVENCE-ALPES-COTE D'AZUR,BOUCHES-DU-RHONE,13001,AIX EN PROVENCE,43.5360708378,5.39857444582
107,PROVENCE-ALPES-COTE D'AZUR,BOUCHES-DU-RHONE,13001,AIX EN PROVENCE,43.5360708378,5.39857444582
108,PROVENCE-ALPES-COTE D'AZUR,BOUCHES-DU-RHONE,13001,AIX EN PROVENCE,43.5360708378,5.39857444582
109,,,13001,,,
110,,,13001,,,
111,,,13001,,,
112,,,13001,,,
1458,,,13001,,,
113,PROVENCE-ALPES-COTE D'AZUR,BOUCHES-DU-RHONE,13002,ALLAUCH,43.3533145712,5.51134767187
114,,,13002,,,
115,,,13002,,,
116,,,13002,,,
117,,,13002,,,
1459,,,13002,,,
118,PROVENCE-ALPES-COTE D'AZUR,BOUCHES-DU-RHONE,13004,ARLES,43.5468692378,4.66215642574
119,PROVENCE-ALPES-COTE D'AZUR,BOUCHES-DU-RHONE,13004,ARLES,43.5468692378,4.66215642574
120,PROVENCE-ALPES-COTE D'AZUR,BOUCHES-DU-RHONE,13004,ARLES,43.5468692378,4.66215642574
121,,,13004,,,
122,,,13004,,,
123,,,13004,,,
124,,,13004,,,
1460,,,13004,,,
125,PROVENCE-ALPES-COTE D'AZUR,BOUCHES-DU-RHONE,13005,AUBAGNE,43.2934843764,5.56331273477
126,PROVENCE-ALPES-COTE D'AZUR,BOUCHES-DU-RHONE,13005,AUBAGNE,43.2934843764,5.56331273477
127,PROVENCE-ALPES-COTE D'AZUR,BOUCHES-DU-RHONE,13005,AUBAGNE,43.2934843764,5.56331273477
128,,,13005,,,
129,,,13005,,,
130,,,13005,,,
131,,,13005,,,
1461,,,13005,,,
132,PROVENCE-ALPES-COTE D'AZUR,BOUCHES-DU-RHONE,13028,LA CIOTAT,43.1926410861,5.61318955778
133,PROVENCE-ALPES-COTE D'AZUR,BOUCHES-DU-RHONE,13028,LA CIOTAT,43.1926410861,5.61318955778
134,PROVENCE-ALPES-COTE D'AZUR,BOUCHES-DU-RHONE,13028,LA CIOTAT,43.1926410861,5.61318955778
135,,,13028,,,
136,,,13028,,,
137,,,13028,,,
138,,,13028,,,
1462,,,13028,,,
139,PROVENCE-ALPES-COTE D'AZUR,BOUCHES-DU-RHONE,13103,SALON DE PROVENCE,43.6462885238,5.06814649576
140,PROVENCE-ALPES-COTE D'AZUR,BOUCHES-DU-RHONE,13103,SALON DE PROVENCE,43.6462885238,5.06814649576
141,PROVENCE-ALPES-COTE D'AZUR,BOUCHES-DU-RHONE,13103,SALON DE PROVENCE,43.6462885238,5.06814649576
142,,,13103,,,
143,,,13103,,,
144,,,13103,,,
145,,,13103,,,
1463,,,13103,,,
146,NORMANDIE,CALVADOS,14118,CAEN,49.1847936737,-0.369801713036
147,NORMANDIE,CALVADOS,14118,CAEN,49.1847936737,-0.369801713036
148,NORMANDIE,CALVADOS,14118,CAEN,49.1847936737,-0.369801713036
149,,,14118,,,
150,,,14118,,,
151,,,14118,,,
152,,,14118,,,
1464,,,14118,,,
153,NOUVELLE-AQUITAINE,CHARENTE-MARITIME,17300,LA ROCHELLE,46.1620643972,-1.17465702836
154,NOUVELLE-AQUITAINE,CHARENTE-MARITIME,17300,LA ROCHELLE,46.1620643972,-1.17465702836
155,NOUVELLE-AQUITAINE,CHARENTE-MARITIME,17300,LA ROCHELLE,46.1620643972,-1.17465702836
156,,,17300,,,
157,,,17300,,,
158,,,17300,,,
159,,,17300,,,
1465,,,17300,,,
160,CENTRE-VAL DE LOIRE,CHER,18033,BOURGES,47.0749572013,2.40417137557
161,,,18033,,,
162,,,18033,,,
163,,,18033,,,
164,,,18033,,,
1466,,,18033,,,
165,NOUVELLE-AQUITAINE,CORREZE,19031,BRIVE,45.1435830664,1.51936836063
166,NOUVELLE-AQUITAINE,CORREZE,19031,BRIVE,45.1435830664,1.51936836063
167,NOUVELLE-AQUITAINE,CORREZE,19031,BRIVE,45.1435830664,1.51936836063
168,,,19031,,,
169,,,19031,,,
170,,,19031,,,
171,,,19031,,,
1467,,,19031,,,
172,BOURGOGNE-FRANCHE-COMTE,COTE-D'OR,21054,BEAUNE,47.0255189366,4.83767985985
173,BOURGOGNE-FRANCHE-COMTE,COTE-D'OR,21054,BEAUNE,47.0255189366,4.83767985985
174,,,21054,,,
175,,,21054,,,
176,,,21054,,,
177,,,21054,,,
1468,,,21054,,,
178,BOURGOGNE-FRANCHE-COMTE,COTE-D'OR,21231,DIJON,47.3229437965,5.03788805877
179,BOURGOGNE-FRANCHE-COMTE,COTE-D'OR,21231,DIJON,47.3229437965,5.03788805877
180,BOURGOGNE-FRANCHE-COMTE,COTE-D'OR,21231,DIJON,47.3229437965,5.03788805877
181,,,21231,,,
182,,,21231,,,
183,,,21231,,,
184,,,21231,,,
1469,,,21231,,,
185,BOURGOGNE-FRANCHE-COMTE,DOUBS,25056,BESANCON,47.2553872249,6.01948696494
186,BOURGOGNE-FRANCHE-COMTE,DOUBS,25056,BESANCON,47.2553872249,6.01948696494
187,BOURGOGNE-FRANCHE-COMTE,DOUBS,25056,BESANCON,47.2553872249,6.01948696494
188,,,25056,,,
189,,,25056,,,
190,,,25056,,,
191,,,25056,,,
1470,,,25056,,,
192,AUVERGNE-RHONE-ALPES,DROME,26198,MONTELIMAR,44.5540845734,4.74869387765
193,AUVERGNE-RHONE-ALPES,DROME,26198,MONTELIMAR,44.5540845734,4.74869387765
194,,,26198,,,
195,,,26198,,,
196,,,26198,,,
197,,,26198,,,
1471,,,26198,,,
198,AUVERGNE-RHONE-ALPES,DROME,26362,VALENCE,44.9229811667,4.91444013136
199,AUVERGNE-RHONE-ALPES,DROME,26362,VALENCE,44.9229811667,4.91444013136
200,AUVERGNE-RHONE-ALPES,DROME,26362,VALENCE,44.9229811667,4.91444013136
201,,,26362,,,
202,,,26362,,,
203,,,26362,,,
204,,,26362,,,
1472,,,26362,,,
205,CENTRE-VAL DE LOIRE,EURE-ET-LOIR,28085,CHARTRES,48.4471464884,1.50570610616
206,CENTRE-VAL DE LOIRE,EURE-ET-LOIR,28085,CHARTRES,48.4471464884,1.50570610616
207,CENTRE-VAL DE LOIRE,EURE-ET-LOIR,28085,CHARTRES,48.4471464884,1.50570610616
208,,,28085,,,
209,,,28085,,,
210,,,28085,,,
211,,,28085,,,
1473,,,28085,,,
212,BRETAGNE,FINISTERE,29019,BREST,48.4004997828,-4.5027907853
213,BRETAGNE,FINISTERE,29019,BREST,48.4004997828,-4.5027907853
214,BRETAGNE,FINISTERE,29019,BREST,48.4004997828,-4.5027907853
215,,,29019,,,
216,,,29019,,,
217,,,29019,,,
218,,,29019,,,
1474,,,29019,,,
219,BRETAGNE,FINISTERE,29232,QUIMPER,47.9971425162,-4.09111944455
220,,,29232,,,
221,,,29232,,,
222,,,29232,,,
223,,,29232,,,
1475,,,29232,,,
224,CORSE,CORSE-DU-SUD,2A004,AJACCIO,41.9347926638,8.70132275974
225,CORSE,CORSE-DU-SUD,2A004,AJACCIO,41.9347926638,8.70132275974
226,CORSE,CORSE-DU-SUD,2A004,AJACCIO,41.9347926638,8.70132275974
227,CORSE,CORSE-DU-SUD,2A004,AJACCIO,41.9347926638,8.70132275974
228,,,2A004,,,
229,,,2A004,,,
230,,,2A004,,,
231,,,2A004,,,
1476,,,2A004,,,
232,CORSE,HAUTE-CORSE,2B033,BASTIA,42.6864768806,9.42502133338
233,CORSE,HAUTE-CORSE,2B033,BASTIA,42.6864768806,9.42502133338
234,CORSE,HAUTE-CORSE,2B033,BASTIA,42.6864768806,9.42502133338
235,CORSE,HAUTE-CORSE,2B033,BASTIA,42.6864768806,9.42502133338
236,,,2B033,,,
237,,,2B033,,,
238,,,2B033,,,
239,,,2B033,,,
1477,,,2B033,,,
240,OCCITANIE,GARD,30189,NIMES,43.844938394,4.34806796996
241,OCCITANIE,GARD,30189,NIMES,43.844938394,4.34806796996
242,OCCITANIE,GARD,30189,NIMES,43.844938394,4.34806796996
243,,,30189,,,
244,,,30189,,,
245,,,30189,,,
246,,,30189,,,
1478,,,30189,,,
247,OCCITANIE,HAUTE-GARONNE,31555,TOULOUSE,43.5963814303,1.43167293364
248,OCCITANIE,HAUTE-GARONNE,31555,TOULOUSE,43.5963814303,1.43167293364
249,OCCITANIE,HAUTE-GARONNE,31555,TOULOUSE,43.5963814303,1.43167293364
250,,,31555,,,
251,,,31555,,,
252,,,31555,,,
253,,,31555,,,
1479,,,31555,,,
254,OCCITANIE,HAUTE-GARONNE,31557,TOURNEFEUILLE,43.5781918597,1.33500697752
255,OCCITANIE,HAUTE-GARONNE,31557,TOURNEFEUILLE,43.5781918597,1.33500697752
256,OCCITANIE,HAUTE-GARONNE,31557,TOURNEFEUILLE,43.5781918597,1.33500697752
257,,,31557,,,
258,,,31557,,,
259,,,31557,,,
260,,,31557,,,
1480,,,31557,,,
261,NOUVELLE-AQUITAINE,GIRONDE,33063,BORDEAUX,44.8572445351,-0.57369678116
262,NOUVELLE-AQUITAINE,GIRONDE,33063,BORDEAUX,44.8572445351,-0.57369678116
263,NOUVELLE-AQUITAINE,GIRONDE,33063,BORDEAUX,44.8572445351,-0.57369678116
264,,,33063,,,
265,,,33063,,,
266,,,33063,,,
267,,,33063,,,
1481,,,33063,,,
268,NOUVELLE-AQUITAINE,GIRONDE,33069,LE BOUSCAT,44.8661298323,-0.602121558626
269,NOUVELLE-AQUITAINE,GIRONDE,33069,LE BOUSCAT,44.8661298323,-0.602121558626
270,NOUVELLE-AQUITAINE,GIRONDE,33069,LE BOUSCAT,44.8661298323,-0.602121558626
271,,,33069,,,
272,,,33069,,,
273,,,33069,,,
274,,,33069,,,
1482,,,33069,,,
275,NOUVELLE-AQUITAINE,GIRONDE,33162,EYSINES,44.8797152377,-0.647899474657
276,NOUVELLE-AQUITAINE,GIRONDE,33162,EYSINES,44.8797152377,-0.647899474657
277,,,33162,,,
278,,,33162,,,
279,,,33162,,,
280,,,33162,,,
1483,,,33162,,,
281,NOUVELLE-AQUITAINE,GIRONDE,33192,GRADIGNAN,44.7709411201,-0.616137682116
282,NOUVELLE-AQUITAINE,GIRONDE,33192,GRADIGNAN,44.7709411201,-0.616137682116
283,NOUVELLE-AQUITAINE,GIRONDE,33192,GRADIGNAN,44.7709411201,-0.616137682116
284,,,33192,,,
285,,,33192,,,
286,,,33192,,,
287,,,33192,,,
1484,,,33192,,,
288,NOUVELLE-AQUITAINE,GIRONDE,33199,GUJAN-MESTRAS,44.5940361232,-1.08427455858
289,NOUVELLE-AQUITAINE,GIRONDE,33199,GUJAN-MESTRAS,44.5940361232,-1.08427455858
290,,,33199,,,
291,,,33199,,,
292,,,33199,,,
293,,,33199,,,
1485,,,33199,,,
294,NOUVELLE-AQUITAINE,GIRONDE,33281,MERIGNAC,44.8322953289,-0.681733084891
295,NOUVELLE-AQUITAINE,GIRONDE,33281,MERIGNAC,44.8322953289,-0.681733084891
296,NOUVELLE-AQUITAINE,GIRONDE,33281,MERIGNAC,44.8322953289,-0.681733084891
297,,,33281,,,
298,,,33281,,,
299,,,33281,,,
300,,,33281,,,
1486,,,33281,,,
301,NOUVELLE-AQUITAINE,GIRONDE,33318,PESSAC,44.7915990521,-0.676303166277
302,NOUVELLE-AQUITAINE,GIRONDE,33318,PESSAC,44.7915990521,-0.676303166277
303,NOUVELLE-AQUITAINE,GIRONDE,33318,PESSAC,44.7915990521,-0.676303166277
304,,,33318,,,
305,,,33318,,,
306,,,33318,,,
307,,,33318,,,
1487,,,33318,,,
308,NOUVELLE-AQUITAINE,GIRONDE,33449,SAINT-MEDARD-EN-JALLES,44.8832620816,-0.784239883546
309,NOUVELLE-AQUITAINE,GIRONDE,33449,SAINT-MEDARD-EN-JALLES,44.8832620816,-0.784239883546
310,NOUVELLE-AQUITAINE,GIRONDE,33449,SAINT-MEDARD-EN-JALLES,44.8832620816,-0.784239883546
311,,,33449,,,
312,,,33449,,,
313,,,33449,,,
314,,,33449,,,
1488,,,33449,,,
315,NOUVELLE-AQUITAINE,GIRONDE,33522,TALENCE,44.8060817507,-0.591124592873
316,NOUVELLE-AQUITAINE,GIRONDE,33522,TALENCE,44.8060817507,-0.591124592873
317,NOUVELLE-AQUITAINE,GIRONDE,33522,TALENCE,44.8060817507,-0.591124592873
318,,,33522,,,
319,,,33522,,,
320,,,33522,,,
321,,,33522,,,
1489,,,33522,,,
322,NOUVELLE-AQUITAINE,GIRONDE,33529,LA TESTE DE BUCH,44.5561823053,-1.17530826791
323,NOUVELLE-AQUITAINE,GIRONDE,33529,LA TESTE DE BUCH,44.5561823053,-1.17530826791
324,NOUVELLE-AQUITAINE,GIRONDE,33529,LA TESTE DE BUCH,44.5561823053,-1.17530826791
325,,,33529,,,
326,,,33529,,,
327,,,33529,,,
328,,,33529,,,
1490,,,33529,,,
329,OCCITANIE,HERAULT,34003,AGDE,43.309129116,3.48447903133
330,OCCITANIE,HERAULT,34003,AGDE,43.309129116,3.48447903133
331,OCCITANIE,HERAULT,34003,AGDE,43.309129116,3.48447903133
332,,,34003,,,
333,,,34003,,,
334,,,34003,,,
335,,,34003,,,
1491,,,34003,,,
336,OCCITANIE,HERAULT,34032,BEZIERS,43.3475883319,3.23076754164
337,OCCITANIE,HERAULT,34032,BEZIERS,43.3475883319,3.23076754164
338,OCCITANIE,HERAULT,34032,BEZIERS,43.3475883319,3.23076754164
339,,,34032,,,
340,,,34032,,,
341,,,34032,,,
342,,,34032,,,
1492,,,34032,,,
343,OCCITANIE,HERAULT,34057,CASTELNAU LE LEZ,43.6380218809,3.91265416028
344,OCCITANIE,HERAULT,34057,CASTELNAU LE LEZ,43.6380218809,3.91265416028
345,OCCITANIE,HERAULT,34057,CASTELNAU LE LEZ,43.6380218809,3.91265416028
346,,,34057,,,
347,,,34057,,,
348,,,34057,,,
349,,,34057,,,
1493,,,34057,,,
350,OCCITANIE,HERAULT,34172,MONTPELLIER,43.6134409138,3.86851657896
351,OCCITANIE,HERAULT,34172,MONTPELLIER,43.6134409138,3.86851657896
352,OCCITANIE,HERAULT,34172,MONTPELLIER,43.6134409138,3.86851657896
353,,,34172,,,
354,,,34172,,,
355,,,34172,,,
356,,,34172,,,
1494,,,34172,,,
357,OCCITANIE,HERAULT,34301,SETE,43.3917705831,3.64705148296
358,OCCITANIE,HERAULT,34301,SETE,43.3917705831,3.64705148296
359,OCCITANIE,HERAULT,34301,SETE,43.3917705831,3.64705148296
360,,,34301,,,
361,,,34301,,,
362,,,34301,,,
363,,,34301,,,
1495,,,34301,,,
364,BRETAGNE,ILLE-ET-VILAINE,35238,RENNES,48.1119791219,-1.68186449144
365,BRETAGNE,ILLE-ET-VILAINE,35238,RENNES,48.1119791219,-1.68186449144
366,BRETAGNE,ILLE-ET-VILAINE,35238,RENNES,48.1119791219,-1.68186449144
367,,,35238,,,
368,,,35238,,,
369,,,35238,,,
370,,,35238,,,
1496,,,35238,,,
371,BRETAGNE,ILLE-ET-VILAINE,35288,SAINT MALO,48.6400443482,-1.98060627256
372,BRETAGNE,ILLE-ET-VILAINE,35288,SAINT MALO,48.6400443482,-1.98060627256
373,BRETAGNE,ILLE-ET-VILAINE,35288,SAINT MALO,48.6400443482,-1.98060627256
374,,,35288,,,
375,,,35288,,,
376,,,35288,,,
377,,,35288,,,
1497,,,35288,,,
378,CENTRE-VAL DE LOIRE,INDRE-ET-LOIRE,37261,TOURS,47.3986382281,0.696526376417
379,CENTRE-VAL DE LOIRE,INDRE-ET-LOIRE,37261,TOURS,47.3986382281,0.696526376417
380,CENTRE-VAL DE LOIRE,INDRE-ET-LOIRE,37261,TOURS,47.3986382281,0.696526376417
381,,,37261,,,
382,,,37261,,,
383,,,37261,,,
384,,,37261,,,
1498,,,37261,,,
385,AUVERGNE-RHONE-ALPES,ISERE,38185,GRENOBLE,45.1821215167,5.72133051752
386,AUVERGNE-RHONE-ALPES,ISERE,38185,GRENOBLE,45.1821215167,5.72133051752
387,AUVERGNE-RHONE-ALPES,ISERE,38185,GRENOBLE,45.1821215167,5.72133051752
388,,,38185,,,
389,,,38185,,,
390,,,38185,,,
391,,,38185,,,
1499,,,38185,,,
392,AUVERGNE-RHONE-ALPES,LOIRE,42218,SAINT ETIENNE,45.4301235512,4.37913997076
393,AUVERGNE-RHONE-ALPES,LOIRE,42218,SAINT ETIENNE,45.4301235512,4.37913997076
394,AUVERGNE-RHONE-ALPES,LOIRE,42218,SAINT ETIENNE,45.4301235512,4.37913997076
395,,,42218,,,
396,,,42218,,,
397,,,42218,,,
398,,,42218,,,
1500,,,42218,,,
399,PAYS DE LA LOIRE,LOIRE-ATLANTIQUE,44026,CARQUEFOU,47.3017191833,-1.47277200095
400,,,44026,,,
401,,,44026,,,
402,,,44026,,,
403,,,44026,,,
1501,,,44026,,,
404,PAYS DE LA LOIRE,LOIRE-ATLANTIQUE,44109,NANTES,47.2316356767,-1.54831008605
405,PAYS DE LA LOIRE,LOIRE-ATLANTIQUE,44109,NANTES,47.2316356767,-1.54831008605
406,PAYS DE LA LOIRE,LOIRE-ATLANTIQUE,44109,NANTES,47.2316356767,-1.54831008605
407,,,44109,,,
408,,,44109,,,
409,,,44109,,,
410,,,44109,,,
1502,,,44109,,,
411,PAYS DE LA LOIRE,LOIRE-ATLANTIQUE,44114,ORVAULT,47.2739815478,-1.62323898524
412,PAYS DE LA LOIRE,LOIRE-ATLANTIQUE,44114,ORVAULT,47.2739815478,-1.62323898524
413,PAYS DE LA LOIRE,LOIRE-ATLANTIQUE,44114,ORVAULT,47.2739815478,-1.62323898524
414,,,44114,,,
415,,,44114,,,
416,,,44114,,,
417,,,44114,,,
1503,,,44114,,,
418,PAYS DE LA LOIRE,LOIRE-ATLANTIQUE,44184,ST NAZAIRE,47.2802857028,-2.25379927249
419,PAYS DE LA LOIRE,LOIRE-ATLANTIQUE,44184,ST NAZAIRE,47.2802857028,-2.25379927249
420,,,44184,,,
421,,,44184,,,
422,,,44184,,,
423,,,44184,,,
1504,,,44184,,,
424,PAYS DE LA LOIRE,LOIRE-ATLANTIQUE,44215,VERTOU,47.1603732625,-1.47052291749
425,PAYS DE LA LOIRE,LOIRE-ATLANTIQUE,44215,VERTOU,47.1603732625,-1.47052291749
426,PAYS DE LA LOIRE,LOIRE-ATLANTIQUE,44215,VERTOU,47.1603732625,-1.47052291749
427,,,44215,,,
428,,,44215,,,
429,,,44215,,,
430,,,44215,,,
1505,,,44215,,,
431,CENTRE-VAL DE LOIRE,LOIRET,45232,OLIVET,47.8546997503,1.88823884753
432,CENTRE-VAL DE LOIRE,LOIRET,45232,OLIVET,47.8546997503,1.88823884753
433,,,45232,,,
434,,,45232,,,
435,,,45232,,,
436,,,45232,,,
1506,,,45232,,,
437,CENTRE-VAL DE LOIRE,LOIRET,45234,ORLEANS,47.8828634214,1.91610357477
438,CENTRE-VAL DE LOIRE,LOIRET,45234,ORLEANS,47.8828634214,1.91610357477
439,CENTRE-VAL DE LOIRE,LOIRET,45234,ORLEANS,47.8828634214,1.91610357477
440,,,45234,,,
441,,,45234,,,
442,,,45234,,,
443,,,45234,,,
1507,,,45234,,,
444,PAYS DE LA LOIRE,MAINE-ET-LOIRE,49007,ANGERS,47.476837416,-0.556125995444
445,PAYS DE LA LOIRE,MAINE-ET-LOIRE,49007,ANGERS,47.476837416,-0.556125995444
446,PAYS DE LA LOIRE,MAINE-ET-LOIRE,49007,ANGERS,47.476837416,-0.556125995444
447,,,49007,,,
448,,,49007,,,
449,,,49007,,,
450,,,49007,,,
1508,,,49007,,,
451,GRAND-EST,MARNE,51454,REIMS,49.2514906066,4.0402302322
452,GRAND-EST,MARNE,51454,REIMS,49.2514906066,4.0402302322
453,GRAND-EST,MARNE,51454,REIMS,49.2514906066,4.0402302322
454,,,51454,,,
455,,,51454,,,
456,,,51454,,,
457,,,51454,,,
1509,,,51454,,,
458,PAYS DE LA LOIRE,MAYENNE,53130,LAVAL,48.0608565468,-0.766005687142
459,PAYS DE LA LOIRE,MAYENNE,53130,LAVAL,48.0608565468,-0.766005687142
460,PAYS DE LA LOIRE,MAYENNE,53130,LAVAL,48.0608565468,-0.766005687142
461,,,53130,,,
462,,,53130,,,
463,,,53130,,,
464,,,53130,,,
1510,,,53130,,,
465,GRAND-EST,MEURTHE-ET-MOSELLE,54395,NANCY,48.6901995499,6.17588254434
466,GRAND-EST,MEURTHE-ET-MOSELLE,54395,NANCY,48.6901995499,6.17588254434
467,GRAND-EST,MEURTHE-ET-MOSELLE,54395,NANCY,48.6901995499,6.17588254434
468,,,54395,,,
469,,,54395,,,
470,,,54395,,,
471,,,54395,,,
1511,,,54395,,,
472,BRETAGNE,MORBIHAN,56260,VANNES,47.6597493766,-2.75714329498
473,BRETAGNE,MORBIHAN,56260,VANNES,47.6597493766,-2.75714329498
474,BRETAGNE,MORBIHAN,56260,VANNES,47.6597493766,-2.75714329498
475,,,56260,,,
476,,,56260,,,
477,,,56260,,,
478,,,56260,,,
1512,,,56260,,,
479,GRAND-EST,MOSELLE,57463,METZ,49.1081133279,6.1955245421
480,GRAND-EST,MOSELLE,57463,METZ,49.1081133279,6.1955245421
481,GRAND-EST,MOSELLE,57463,METZ,49.1081133279,6.1955245421
482,,,57463,,,
483,,,57463,,,
484,,,57463,,,
485,,,57463,,,
1513,,,57463,,,
486,GRAND-EST,MOSELLE,57672,THIONVILLE,49.3759716201,6.12928314217
487,GRAND-EST,MOSELLE,57672,THIONVILLE,49.3759716201,6.12928314217
488,GRAND-EST,MOSELLE,57672,THIONVILLE,49.3759716201,6.12928314217
489,,,57672,,,
490,,,57672,,,
491,,,57672,,,
492,,,57672,,,
1514,,,57672,,,
493,LES-HAUTS-DE-FRANCE,NORD,59009,VILLENEUVE D'ASCQ,50.6324372393,3.1535257221
494,LES-HAUTS-DE-FRANCE,NORD,59009,VILLENEUVE D'ASCQ,50.6324372393,3.1535257221
495,LES-HAUTS-DE-FRANCE,NORD,59009,VILLENEUVE D'ASCQ,50.6324372393,3.1535257221
496,,,59009,,,
497,,,59009,,,
498,,,59009,,,
499,,,59009,,,
1515,,,59009,,,
500,LES-HAUTS-DE-FRANCE,NORD,59163,CROIX,50.6740689994,3.15464041723
501,LES-HAUTS-DE-FRANCE,NORD,59163,CROIX,50.6740689994,3.15464041723
502,LES-HAUTS-DE-FRANCE,NORD,59163,CROIX,50.6740689994,3.15464041723
503,,,59163,,,
504,,,59163,,,
505,,,59163,,,
506,,,59163,,,
1516,,,59163,,,
507,LES-HAUTS-DE-FRANCE,NORD,59183,DUNKERQUE,51.0307229078,2.33752414095
508,LES-HAUTS-DE-FRANCE,NORD,59183,DUNKERQUE,51.0307229078,2.33752414095
509,LES-HAUTS-DE-FRANCE,NORD,59183,DUNKERQUE,51.0307229078,2.33752414095
510,,,59183,,,
511,,,59183,,,
512,,,59183,,,
513,,,59183,,,
1517,,,59183,,,
514,LES-HAUTS-DE-FRANCE,NORD,59328,LAMBERSART,50.6522053005,3.02491174276
515,LES-HAUTS-DE-FRANCE,NORD,59328,LAMBERSART,50.6522053005,3.02491174276
516,LES-HAUTS-DE-FRANCE,NORD,59328,LAMBERSART,50.6522053005,3.02491174276
517,,,59328,,,
518,,,59328,,,
519,,,59328,,,
520,,,59328,,,
1518,,,59328,,,
521,LES-HAUTS-DE-FRANCE,NORD,59350,LILLE,50.6317183168,3.04783272312
522,LES-HAUTS-DE-FRANCE,NORD,59350,LILLE,50.6317183168,3.04783272312
523,LES-HAUTS-DE-FRANCE,NORD,59350,LILLE,50.6317183168,3.04783272312
524,,,59350,,,
525,,,59350,,,
526,,,59350,,,
527,,,59350,,,
1519,,,59350,,,
528,LES-HAUTS-DE-FRANCE,NORD,59368,LA MADELEINE,50.6548883138,3.06963722507
529,LES-HAUTS-DE-FRANCE,NORD,59368,LA MADELEINE,50.6548883138,3.06963722507
530,LES-HAUTS-DE-FRANCE,NORD,59368,LA MADELEINE,50.6548883138,3.06963722507
531,,,59368,,,
532,,,59368,,,
533,,,59368,,,
534,,,59368,,,
1520,,,59368,,,
535,LES-HAUTS-DE-FRANCE,NORD,59378,MARCQ EN BAROEUL,50.6753348557,3.10093583816
536,LES-HAUTS-DE-FRANCE,NORD,59378,MARCQ EN BAROEUL,50.6753348557,3.10093583816
537,LES-HAUTS-DE-FRANCE,NORD,59378,MARCQ EN BAROEUL,50.6753348557,3.10093583816
538,,,59378,,,
539,,,59378,,,
540,,,59378,,,
541,,,59378,,,
1521,,,59378,,,
542,LES-HAUTS-DE-FRANCE,NORD,59646,WASQUEHAL,50.6750984751,3.12858017096
543,LES-HAUTS-DE-FRANCE,NORD,59646,WASQUEHAL,50.6750984751,3.12858017096
544,LES-HAUTS-DE-FRANCE,NORD,59646,WASQUEHAL,50.6750984751,3.12858017096
545,,,59646,,,
546,,,59646,,,
547,,,59646,,,
548,,,59646,,,
1522,,,59646,,,
549,LES-HAUTS-DE-FRANCE,OISE,60057,BEAUVAIS,49.4365523321,2.08616123661
550,LES-HAUTS-DE-FRANCE,OISE,60057,BEAUVAIS,49.4365523321,2.08616123661
551,LES-HAUTS-DE-FRANCE,OISE,60057,BEAUVAIS,49.4365523321,2.08616123661
552,,,60057,,,
553,,,60057,,,
554,,,60057,,,
555,,,60057,,,
1523,,,60057,,,
556,LES-HAUTS-DE-FRANCE,OISE,60159,COMPIEGNE,49.3990601478,2.85317249363
557,LES-HAUTS-DE-FRANCE,OISE,60159,COMPIEGNE,49.3990601478,2.85317249363
558,LES-HAUTS-DE-FRANCE,OISE,60159,COMPIEGNE,49.3990601478,2.85317249363
559,,,60159,,,
560,,,60159,,,
561,,,60159,,,
562,,,60159,,,
1524,,,60159,,,
563,LES-HAUTS-DE-FRANCE,PAS-DE-CALAIS,62041,ARRAS,50.2898964997,2.76587316711
564,LES-HAUTS-DE-FRANCE,PAS-DE-CALAIS,62041,ARRAS,50.2898964997,2.76587316711
565,,,62041,,,
566,,,62041,,,
567,,,62041,,,
568,,,62041,,,
1525,,,62041,,,
569,AUVERGNE-RHONE-ALPES,PUY-DE-DOME,63113,CLERMONT-FERRAND,45.7856492991,3.11554542903
570,AUVERGNE-RHONE-ALPES,PUY-DE-DOME,63113,CLERMONT-FERRAND,45.7856492991,3.11554542903
571,AUVERGNE-RHONE-ALPES,PUY-DE-DOME,63113,CLERMONT-FERRAND,45.7856492991,3.11554542903
572,,,63113,,,
573,,,63113,,,
574,,,63113,,,
575,,,63113,,,
1526,,,63113,,,
576,NOUVELLE-AQUITAINE,PYRENEES-ATLANTIQUES,64024,ANGLET,43.4917846595,-1.51623373371
577,NOUVELLE-AQUITAINE,PYRENEES-ATLANTIQUES,64024,ANGLET,43.4917846595,-1.51623373371
578,NOUVELLE-AQUITAINE,PYRENEES-ATLANTIQUES,64024,ANGLET,43.4917846595,-1.51623373371
579,,,64024,,,
580,,,64024,,,
581,,,64024,,,
582,,,64024,,,
1527,,,64024,,,
583,NOUVELLE-AQUITAINE,PYRENEES-ATLANTIQUES,64102,BAYONNE,43.4922254016,-1.46607674358
584,NOUVELLE-AQUITAINE,PYRENEES-ATLANTIQUES,64102,BAYONNE,43.4922254016,-1.46607674358
585,NOUVELLE-AQUITAINE,PYRENEES-ATLANTIQUES,64102,BAYONNE,43.4922254016,-1.46607674358
586,,,64102,,,
587,,,64102,,,
588,,,64102,,,
589,,,64102,,,
1528,,,64102,,,
590,NOUVELLE-AQUITAINE,PYRENEES-ATLANTIQUES,64122,BIARRITZ,43.4695847227,-1.55309857519
591,NOUVELLE-AQUITAINE,PYRENEES-ATLANTIQUES,64122,BIARRITZ,43.4695847227,-1.55309857519
592,NOUVELLE-AQUITAINE,PYRENEES-ATLANTIQUES,64122,BIARRITZ,43.4695847227,-1.55309857519
593,,,64122,,,
594,,,64122,,,
595,,,64122,,,
596,,,64122,,,
1529,,,64122,,,
597,NOUVELLE-AQUITAINE,PYRENEES-ATLANTIQUES,64445,PAU,43.3200189773,-0.350337918181
598,NOUVELLE-AQUITAINE,PYRENEES-ATLANTIQUES,64445,PAU,43.3200189773,-0.350337918181
599,NOUVELLE-AQUITAINE,PYRENEES-ATLANTIQUES,64445,PAU,43.3200189773,-0.350337918181
600,,,64445,,,
601,,,64445,,,
602,,,64445,,,
603,,,64445,,,
1530,,,64445,,,
604,OCCITANIE,PYRENEES-ORIENTALES,66136,PERPIGNAN,42.6965954131,2.89936953979
605,OCCITANIE,PYRENEES-ORIENTALES,66136,PERPIGNAN,42.6965954131,2.89936953979
606,OCCITANIE,PYRENEES-ORIENTALES,66136,PERPIGNAN,42.6965954131,2.89936953979
607,,,66136,,,
608,,,66136,,,
609,,,66136,,,
610,,,66136,,,
1531,,,66136,,,
611,GRAND-EST,BAS-RHIN,67482,STRASBOURG,48.5712679849,7.76752679517
612,GRAND-EST,BAS-RHIN,67482,STRASBOURG,48.5712679849,7.76752679517
613,GRAND-EST,BAS-RHIN,67482,STRASBOURG,48.5712679849,7.76752679517
614,,,67482,,,
615,,,67482,,,
616,,,67482,,,
617,,,67482,,,
1532,,,67482,,,
618,GRAND-EST,HAUT-RHIN,68066,COLMAR,48.1099405789,7.38468690323
619,GRAND-EST,HAUT-RHIN,68066,COLMAR,48.1099405789,7.38468690323
620,GRAND-EST,HAUT-RHIN,68066,COLMAR,48.1099405789,7.38468690323
621,,,68066,,,
622,,,68066,,,
623,,,68066,,,
624,,,68066,,,
1533,,,68066,,,
625,GRAND-EST,HAUT-RHIN,68224,MULHOUSE,47.749163303,7.32570047509
626,GRAND-EST,HAUT-RHIN,68224,MULHOUSE,47.749163303,7.32570047509
627,GRAND-EST,HAUT-RHIN,68224,MULHOUSE,47.749163303,7.32570047509
628,,,68224,,,
629,,,68224,,,
630,,,68224,,,
631,,,68224,,,
1534,,,68224,,,
632,AUVERGNE-RHONE-ALPES,RHONE,69029,BRON,45.7344856902,4.91168159471
633,AUVERGNE-RHONE-ALPES,RHONE,69029,BRON,45.7344856902,4.91168159471
634,AUVERGNE-RHONE-ALPES,RHONE,69029,BRON,45.7344856902,4.91168159471
635,,,69029,,,
636,,,69029,,,
637,,,69029,,,
638,,,69029,,,
1535,,,69029,,,
639,AUVERGNE-RHONE-ALPES,RHONE,69034,CALUIRE ET CUIRE,45.7974053648,4.85124857101
640,AUVERGNE-RHONE-ALPES,RHONE,69034,CALUIRE ET CUIRE,45.7974053648,4.85124857101
641,AUVERGNE-RHONE-ALPES,RHONE,69034,CALUIRE ET CUIRE,45.7974053648,4.85124857101
642,,,69034,,,
643,,,69034,,,
644,,,69034,,,
645,,,69034,,,
1536,,,69034,,,
646,AUVERGNE-RHONE-ALPES,RHONE,69202,STE FOY LES LYON,45.7359781395,4.79343173908
647,AUVERGNE-RHONE-ALPES,RHONE,69202,STE FOY LES LYON,45.7359781395,4.79343173908
648,AUVERGNE-RHONE-ALPES,RHONE,69202,STE FOY LES LYON,45.7359781395,4.79343173908
649,,,69202,,,
650,,,69202,,,
651,,,69202,,,
652,,,69202,,,
1537,,,69202,,,
653,AUVERGNE-RHONE-ALPES,RHONE,69204,SAINT-GENIS-LAVAL,45.6936777293,4.78919028453
654,AUVERGNE-RHONE-ALPES,RHONE,69204,SAINT-GENIS-LAVAL,45.6936777293,4.78919028453
655,AUVERGNE-RHONE-ALPES,RHONE,69204,SAINT-GENIS-LAVAL,45.6936777293,4.78919028453
656,,,69204,,,
657,,,69204,,,
658,,,69204,,,
659,,,69204,,,
1538,,,69204,,,
660,AUVERGNE-RHONE-ALPES,RHONE,69244,TASSIN-LA-DEMI-LUNE,45.7628681769,4.75540595543
661,AUVERGNE-RHONE-ALPES,RHONE,69244,TASSIN-LA-DEMI-LUNE,45.7628681769,4.75540595543
662,AUVERGNE-RHONE-ALPES,RHONE,69244,TASSIN-LA-DEMI-LUNE,45.7628681769,4.75540595543
663,,,69244,,,
664,,,69244,,,
665,,,69244,,,
666,,,69244,,,
1539,,,69244,,,
667,AUVERGNE-RHONE-ALPES,RHONE,69266,VILLEURBANNE,45.7707704179,4.88845817426
668,AUVERGNE-RHONE-ALPES,RHONE,69266,VILLEURBANNE,45.7707704179,4.88845817426
669,AUVERGNE-RHONE-ALPES,RHONE,69266,VILLEURBANNE,45.7707704179,4.88845817426
670,,,69266,,,
671,,,69266,,,
672,,,69266,,,
673,,,69266,,,
1540,,,69266,,,
674,PAYS DE LA LOIRE,SARTHE,72181,LE MANS,47.9885256718,0.200030493539
675,PAYS DE LA LOIRE,SARTHE,72181,LE MANS,47.9885256718,0.200030493539
676,PAYS DE LA LOIRE,SARTHE,72181,LE MANS,47.9885256718,0.200030493539
677,,,72181,,,
678,,,72181,,,
679,,,72181,,,
680,,,72181,,,
1541,,,72181,,,
681,AUVERGNE-RHONE-ALPES,SAVOIE,73008,AIX-LES-BAINS,45.6978541675,5.90388626955
682,AUVERGNE-RHONE-ALPES,SAVOIE,73008,AIX-LES-BAINS,45.6978541675,5.90388626955
683,AUVERGNE-RHONE-ALPES,SAVOIE,73008,AIX-LES-BAINS,45.6978541675,5.90388626955
684,,,73008,,,
685,,,73008,,,
686,,,73008,,,
687,,,73008,,,
1542,,,73008,,,
688,AUVERGNE-RHONE-ALPES,SAVOIE,73065,CHAMBERY,45.583182552,5.90903392417
689,AUVERGNE-RHONE-ALPES,SAVOIE,73065,CHAMBERY,45.583182552,5.90903392417
690,AUVERGNE-RHONE-ALPES,SAVOIE,73065,CHAMBERY,45.583182552,5.90903392417
691,,,73065,,,
692,,,73065,,,
693,,,73065,,,
694,,,73065,,,
1543,,,73065,,,
695,AUVERGNE-RHONE-ALPES,HAUTE-SAVOIE,74010,ANNECY,45.8906432566,6.12551773598
696,AUVERGNE-RHONE-ALPES,HAUTE-SAVOIE,74010,ANNECY,45.8906432566,6.12551773598
697,AUVERGNE-RHONE-ALPES,HAUTE-SAVOIE,74010,ANNECY,45.8906432566,6.12551773598
698,,,74010,,,
699,,,74010,,,
700,,,74010,,,
701,,,74010,,,
1544,,,74010,,,
702,AUVERGNE-RHONE-ALPES,HAUTE-SAVOIE,74281,THONON-LES-BAINS,46.3704258049,6.48194336071
703,AUVERGNE-RHONE-ALPES,HAUTE-SAVOIE,74281,THONON-LES-BAINS,46.3704258049,6.48194336071
704,AUVERGNE-RHONE-ALPES,HAUTE-SAVOIE,74281,THONON-LES-BAINS,46.3704258049,6.48194336071
705,,,74281,,,
706,,,74281,,,
707,,,74281,,,
708,,,74281,,,
1545,,,74281,,,
709,ILE-DE-FRANCE,PARIS,75101,PARIS 1er,48.8626304852,2.33629344655
710,ILE-DE-FRANCE,PARIS,75101,Paris 1er,48.8626304852,2.33629344655
711,ILE-DE-FRANCE,PARIS,75101,PARIS 1er,48.8626304852,2.33629344655
712,,,75101,,,
713,,,75101,,,
714,,,75101,,,
715,,,75101,,,
1546,,,75101,,,
716,ILE-DE-FRANCE,PARIS,75102,PARIS 2e,48.8679033789,2.34410716666
717,ILE-DE-FRANCE,PARIS,75102,Paris 2e,48.8679033789,2.34410716666
718,ILE-DE-FRANCE,PARIS,75102,PARIS 2e,48.8679033789,2.34410716666
719,,,75102,,,
720,,,75102,,,
721,,,75102,,,
722,,,75102,,,
1547,,,75102,,,
723,ILE-DE-FRANCE,PARIS,75103,PARIS 3e,48.8630541318,2.35936105897
724,ILE-DE-FRANCE,PARIS,75103,Paris 3e,48.8630541318,2.35936105897
725,ILE-DE-FRANCE,PARIS,75103,PARIS 3e,48.8630541318,2.35936105897
726,,,75103,,,
727,,,75103,,,
728,,,75103,,,
729,,,75103,,,
1548,,,75103,,,
730,ILE-DE-FRANCE,PARIS,75104,PARIS 4e,48.854228282,2.35736193814
731,ILE-DE-FRANCE,PARIS,75104,Paris 4e,48.854228282,2.35736193814
732,ILE-DE-FRANCE,PARIS,75104,PARIS 4e,48.854228282,2.35736193814
733,,,75104,,,
734,,,75104,,,
735,,,75104,,,
736,,,75104,,,
1549,,,75104,,,
737,ILE-DE-FRANCE,PARIS,75105,PARIS 5e,48.8445086596,2.34985938556
738,ILE-DE-FRANCE,PARIS,75105,Paris 5e,48.8445086596,2.34985938556
739,ILE-DE-FRANCE,PARIS,75105,PARIS 5e,48.8445086596,2.34985938556
740,,,75105,,,
741,,,75105,,,
742,,,75105,,,
743,,,75105,,,
1550,,,75105,,,
744,ILE-DE-FRANCE,PARIS,75106,PARIS 6e,48.8489680919,2.33267089859
745,ILE-DE-FRANCE,PARIS,75106,Paris 6e,48.8489680919,2.33267089859
746,ILE-DE-FRANCE,PARIS,75106,PARIS 6e,48.8489680919,2.33267089859
747,,,75106,,,
748,,,75106,,,
749,,,75106,,,
750,,,75106,,,
1551,,,75106,,,
751,ILE-DE-FRANCE,PARIS,75107,PARIS 7e,48.8560825982,2.31243868773
752,ILE-DE-FRANCE,PARIS,75107,Paris 7e,48.8560825982,2.31243868773
753,ILE-DE-FRANCE,PARIS,75107,PARIS 7e,48.8560825982,2.31243868773
754,,,75107,,,
755,,,75107,,,
756,,,75107,,,
757,,,75107,,,
1552,,,75107,,,
758,ILE-DE-FRANCE,PARIS,75108,PARIS 8e,48.8725272666,2.31258256042
759,ILE-DE-FRANCE,PARIS,75108,Paris 8e,48.8725272666,2.31258256042
760,ILE-DE-FRANCE,PARIS,75108,PARIS 8e,48.8725272666,2.31258256042
761,,,75108,,,
762,,,75108,,,
763,,,75108,,,
764,,,75108,,,
1553,,,75108,,,
765,ILE-DE-FRANCE,PARIS,75109,PARIS 9e,48.8768961624,2.33746024139
766,ILE-DE-FRANCE,PARIS,75109,Paris 9e,48.8768961624,2.33746024139
767,ILE-DE-FRANCE,PARIS,75109,PARIS 9e,48.8768961624,2.33746024139
768,,,75109,,,
769,,,75109,,,
770,,,75109,,,
771,,,75109,,,
1554,,,75109,,,
772,ILE-DE-FRANCE,PARIS,75110,PARIS 10e,48.8760285569,2.36111290456
773,ILE-DE-FRANCE,PARIS,75110,Paris 10e,48.8760285569,2.36111290456
774,ILE-DE-FRANCE,PARIS,75110,PARIS 10e,48.8760285569,2.36111290456
775,,,75110,,,
776,,,75110,,,
777,,,75110,,,
778,,,75110,,,
1555,,,75110,,,
779,ILE-DE-FRANCE,PARIS,75111,PARIS 11e,48.8594154976,2.37874106024
780,ILE-DE-FRANCE,PARIS,75111,Paris 11e,48.8594154976,2.37874106024
781,ILE-DE-FRANCE,PARIS,75111,PARIS 11e,48.8594154976,2.37874106024
782,,,75111,,,
783,,,75111,,,
784,,,75111,,,
785,,,75111,,,
1556,,,75111,,,
786,ILE-DE-FRANCE,PARIS,75112,PARIS 12e,48.8351562307,2.41980703497
787,ILE-DE-FRANCE,PARIS,75112,Paris 12e,48.8351562307,2.41980703497
788,ILE-DE-FRANCE,PARIS,75112,PARIS 12e,48.8351562307,2.41980703497
789,,,75112,,,
790,,,75112,,,
791,,,75112,,,
792,,,75112,,,
1557,,,75112,,,
793,ILE-DE-FRANCE,PARIS,75113,PARIS 13e,48.8287176845,2.36246822852
794,ILE-DE-FRANCE,PARIS,75113,Paris 13e,48.8287176845,2.36246822852
795,ILE-DE-FRANCE,PARIS,75113,PARIS 13e,48.8287176845,2.36246822852
796,,,75113,,,
797,,,75113,,,
798,,,75113,,,
799,,,75113,,,
1558,,,75113,,,
800,ILE-DE-FRANCE,PARIS,75114,PARIS 14e,48.8289932116,2.32710088326
801,ILE-DE-FRANCE,PARIS,75114,Paris 14e,48.8289932116,2.32710088326
802,ILE-DE-FRANCE,PARIS,75114,PARIS 14e,48.8289932116,2.32710088326
803,,,75114,,,
804,,,75114,,,
805,,,75114,,,
806,,,75114,,,
1559,,,75114,,,
807,ILE-DE-FRANCE,PARIS,75115,PARIS 15e,48.8401554186,2.29355937244
808,ILE-DE-FRANCE,PARIS,75115,Paris 15e,48.8401554186,2.29355937244
809,ILE-DE-FRANCE,PARIS,75115,PARIS 15e,48.8401554186,2.29355937244
810,,,75115,,,
811,,,75115,,,
812,,,75115,,,
813,,,75115,,,
1560,,,75115,,,
814,ILE-DE-FRANCE,PARIS,75116,PARIS 16e,48.8603987604,2.2620995594
815,ILE-DE-FRANCE,PARIS,75116,Paris 16e,48.8603987604,2.2620995594
816,ILE-DE-FRANCE,PARIS,75116,PARIS 16e,48.8603987604,2.2620995594
817,,,75116,,,
818,,,75116,,,
819,,,75116,,,
820,,,75116,,,
1561,,,75116,,,
821,ILE-DE-FRANCE,PARIS,75117,PARIS 17e,48.8873371665,2.30748555949
822,ILE-DE-FRANCE,PARIS,75117,Paris 17e,48.8873371665,2.30748555949
823,ILE-DE-FRANCE,PARIS,75117,PARIS 17e,48.8873371665,2.30748555949
824,,,75117,,,
825,,,75117,,,
826,,,75117,,,
827,,,75117,,,
1562,,,75117,,,
828,ILE-DE-FRANCE,PARIS,75118,PARIS 18e,48.8927350746,2.34871193387
829,ILE-DE-FRANCE,PARIS,75118,Paris 18e,48.8927350746,2.34871193387
830,ILE-DE-FRANCE,PARIS,75118,PARIS 18e,48.8927350746,2.34871193387
831,,,75118,,,
832,,,75118,,,
833,,,75118,,,
834,,,75118,,,
1563,,,75118,,,
835,ILE-DE-FRANCE,PARIS,75119,PARIS 18e,48.886868623,2.38469432787
836,ILE-DE-FRANCE,PARIS,75119,Paris 19e,48.886868623,2.38469432787
837,ILE-DE-FRANCE,PARIS,75119,PARIS 19e,48.886868623,2.38469432787
838,,,75119,,,
839,,,75119,,,
840,,,75119,,,
841,,,75119,,,
1564,,,75119,,,
842,ILE-DE-FRANCE,PARIS,75120,PARIS 20e,48.8631867774,2.40081982673
843,ILE-DE-FRANCE,PARIS,75120,Paris 20e,48.8631867774,2.40081982673
844,ILE-DE-FRANCE,PARIS,75120,PARIS 20e,48.8631867774,2.40081982673
845,,,75120,,,
846,,,75120,,,
847,,,75120,,,
848,,,75120,,,
1565,,,75120,,,
849,NORMANDIE,SEINE-MARITIME,76351,LE HAVRE,49.498452502,0.140153719153
850,NORMANDIE,SEINE-MARITIME,76351,LE HAVRE,49.498452502,0.140153719153
851,NORMANDIE,SEINE-MARITIME,76351,LE HAVRE,49.498452502,0.140153719153
852,,,76351,,,
853,,,76351,,,
854,,,76351,,,
855,,,76351,,,
1566,,,76351,,,
856,NORMANDIE,SEINE-MARITIME,76540,ROUEN,49.4413460103,1.09256784278
857,NORMANDIE,SEINE-MARITIME,76540,ROUEN,49.4413460103,1.09256784278
858,NORMANDIE,SEINE-MARITIME,76540,ROUEN,49.4413460103,1.09256784278
859,,,76540,,,
860,,,76540,,,
861,,,76540,,,
862,,,76540,,,
1567,,,76540,,,
863,ILE-DE-FRANCE,SEINE-ET-MARNE,77284,MEAUX,48.9570625667,2.90003097245
864,ILE-DE-FRANCE,SEINE-ET-MARNE,77284,MEAUX,48.9570625667,2.90003097245
865,ILE-DE-FRANCE,SEINE-ET-MARNE,77284,MEAUX,48.9570625667,2.90003097245
866,,,77284,,,
867,,,77284,,,
868,,,77284,,,
869,,,77284,,,
1568,,,77284,,,
870,ILE-DE-FRANCE,YVELINES,78126,LA CELLE-SAINT-CLOUD,48.8469487124,2.13519126228
871,ILE-DE-FRANCE,YVELINES,78126,LA CELLE-SAINT-CLOUD,48.8469487124,2.13519126228
872,ILE-DE-FRANCE,YVELINES,78126,LA CELLE-SAINT-CLOUD,48.8469487124,2.13519126228
873,,,78126,,,
874,,,78126,,,
875,,,78126,,,
876,,,78126,,,
1569,,,78126,,,
877,ILE-DE-FRANCE,YVELINES,78146,CHATOU,48.8965574645,2.15393458329
878,ILE-DE-FRANCE,YVELINES,78146,CHATOU,48.8965574645,2.15393458329
879,ILE-DE-FRANCE,YVELINES,78146,CHATOU,48.8965574645,2.15393458329
880,,,78146,,,
881,,,78146,,,
882,,,78146,,,
883,,,78146,,,
1570,,,78146,,,
884,ILE-DE-FRANCE,YVELINES,78158,LE CHESNAY-ROCQUENCOURT,48.8272397742,2.13014908209
885,ILE-DE-FRANCE,YVELINES,78158,LE CHESNAY-ROCQUENCOURT,48.8272397742,2.13014908209
886,ILE-DE-FRANCE,YVELINES,78158,LE CHESNAY-ROCQUENCOURT,48.8272397742,2.13014908209
887,,,78158,,,
888,,,78158,,,
889,,,78158,,,
890,,,78158,,,
1571,,,78158,,,
891,ILE-DE-FRANCE,YVELINES,78358,MAISONS-LAFFITTE,48.9523369002,2.15161594901
892,ILE-DE-FRANCE,YVELINES,78358,MAISONS-LAFFITTE,48.9523369002,2.15161594901
893,ILE-DE-FRANCE,YVELINES,78358,MAISONS-LAFFITTE,48.9523369002,2.15161594901
894,,,78358,,,
895,,,78358,,,
896,,,78358,,,
897,,,78358,,,
1572,,,78358,,,
898,ILE-DE-FRANCE,YVELINES,78517,RAMBOUILLET,48.6539051954,1.82652871851
899,ILE-DE-FRANCE,YVELINES,78517,RAMBOUILLET,48.6539051954,1.82652871851
900,ILE-DE-FRANCE,YVELINES,78517,RAMBOUILLET,48.6539051954,1.82652871851
901,,,78517,,,
902,,,78517,,,
903,,,78517,,,
904,,,78517,,,
1573,,,78517,,,
905,ILE-DE-FRANCE,YVELINES,78551,SAINT-GERMAIN-EN-LAYE,48.9407041394,2.09870929375
906,ILE-DE-FRANCE,YVELINES,78551,SAINT-GERMAIN-EN-LAYE,48.9407041394,2.09870929375
907,ILE-DE-FRANCE,YVELINES,78551,SAINT-GERMAIN-EN-LAYE,48.9407041394,2.09870929375
908,,,78551,,,
909,,,78551,,,
910,,,78551,,,
911,,,78551,,,
1574,,,78551,,,
912,ILE-DE-FRANCE,YVELINES,78646,VERSAILLES,48.8025669671,2.11789297191
913,ILE-DE-FRANCE,YVELINES,78646,VERSAILLES,48.8025669671,2.11789297191
914,ILE-DE-FRANCE,YVELINES,78646,VERSAILLES,48.8025669671,2.11789297191
915,,,78646,,,
916,,,78646,,,
917,,,78646,,,
918,,,78646,,,
1575,,,78646,,,
919,NOUVELLE-AQUITAINE,DEUX-SEVRES,79191,NIORT,46.328260242,-0.465353019369
920,NOUVELLE-AQUITAINE,DEUX-SEVRES,79191,NIORT,46.328260242,-0.465353019369
921,NOUVELLE-AQUITAINE,DEUX-SEVRES,79191,NIORT,46.328260242,-0.465353019369
922,,,79191,,,
923,,,79191,,,
924,,,79191,,,
925,,,79191,,,
1576,,,79191,,,
926,LES-HAUTS-DE-FRANCE,SOMME,80021,AMIENS,49.9009532186,2.29007445539
927,LES-HAUTS-DE-FRANCE,SOMME,80021,AMIENS,49.9009532186,2.29007445539
928,LES-HAUTS-DE-FRANCE,SOMME,80021,AMIENS,49.9009532186,2.29007445539
929,,,80021,,,
930,,,80021,,,
931,,,80021,,,
932,,,80021,,,
1577,,,80021,,,
933,OCCITANIE,TARN,81004,ALBI,43.9258213622,2.14686328555
934,OCCITANIE,TARN,81004,ALBI,43.9258213622,2.14686328555
935,OCCITANIE,TARN,81004,ALBI,43.9258213622,2.14686328555
936,,,81004,,,
937,,,81004,,,
938,,,81004,,,
939,,,81004,,,
1578,,,81004,,,
940,OCCITANIE,TARN-ET-GARONNE,82121,MONTAUBAN,44.0222594578,1.36408636501
941,OCCITANIE,TARN-ET-GARONNE,82121,MONTAUBAN,44.0222594578,1.36408636501
942,OCCITANIE,TARN-ET-GARONNE,82121,MONTAUBAN,44.0222594578,1.36408636501
943,,,82121,,,
944,,,82121,,,
945,,,82121,,,
946,,,82121,,,
1579,,,82121,,,
947,PROVENCE-ALPES-COTE D'AZUR,VAR,83050,DRAGUIGNAN,43.5357513285,6.45436569191
948,PROVENCE-ALPES-COTE D'AZUR,VAR,83050,DRAGUIGNAN,43.5357513285,6.45436569191
949,PROVENCE-ALPES-COTE D'AZUR,VAR,83050,DRAGUIGNAN,43.5357513285,6.45436569191
950,,,83050,,,
951,,,83050,,,
952,,,83050,,,
953,,,83050,,,
1580,,,83050,,,
954,PROVENCE-ALPES-COTE D'AZUR,VAR,83061,FREJUS,43.4719558114,6.76361597424
955,PROVENCE-ALPES-COTE D'AZUR,VAR,83061,FREJUS,43.4719558114,6.76361597424
956,PROVENCE-ALPES-COTE D'AZUR,VAR,83061,FREJUS,43.4719558114,6.76361597424
957,,,83061,,,
958,,,83061,,,
959,,,83061,,,
960,,,83061,,,
1581,,,83061,,,
961,PROVENCE-ALPES-COTE D'AZUR,VAR,83069,HYERES,43.1018713534,6.18898508469
962,PROVENCE-ALPES-COTE D'AZUR,VAR,83069,HYERES,43.1018713534,6.18898508469
963,PROVENCE-ALPES-COTE D'AZUR,VAR,83069,HYERES,43.1018713534,6.18898508469
964,,,83069,,,
965,,,83069,,,
966,,,83069,,,
967,,,83069,,,
1582,,,83069,,,
968,PROVENCE-ALPES-COTE D'AZUR,VAR,83118,SAINT-RAPHAEL,43.4574625431,6.84734210398
969,PROVENCE-ALPES-COTE D'AZUR,VAR,83118,SAINT-RAPHAEL,43.4574625431,6.84734210398
970,PROVENCE-ALPES-COTE D'AZUR,VAR,83118,SAINT-RAPHAEL,43.4574625431,6.84734210398
971,,,83118,,,
972,,,83118,,,
973,,,83118,,,
974,,,83118,,,
1583,,,83118,,,
975,PROVENCE-ALPES-COTE D'AZUR,VAR,83126,LA SEYNE SUR MER,43.0880294967,5.87089841754
976,PROVENCE-ALPES-COTE D'AZUR,VAR,83126,LA SEYNE SUR MER,43.0880294967,5.87089841754
977,PROVENCE-ALPES-COTE D'AZUR,VAR,83126,LA SEYNE SUR MER,43.0880294967,5.87089841754
978,,,83126,,,
979,,,83126,,,
980,,,83126,,,
981,,,83126,,,
1584,,,83126,,,
982,PROVENCE-ALPES-COTE D'AZUR,VAR,83129,SIX-FOURS-LES-PLAGES,43.086818602,5.82924464931
983,PROVENCE-ALPES-COTE D'AZUR,VAR,83129,SIX-FOURS-LES-PLAGES,43.086818602,5.82924464931
984,PROVENCE-ALPES-COTE D'AZUR,VAR,83129,SIX-FOURS-LES-PLAGES,43.086818602,5.82924464931
985,,,83129,,,
986,,,83129,,,
987,,,83129,,,
988,,,83129,,,
1585,,,83129,,,
989,PROVENCE-ALPES-COTE D'AZUR,VAR,83137,TOULON,43.1361589728,5.93239634249
990,PROVENCE-ALPES-COTE D'AZUR,VAR,83137,TOULON,43.1361589728,5.93239634249
991,PROVENCE-ALPES-COTE D'AZUR,VAR,83137,TOULON,43.1361589728,5.93239634249
992,,,83137,,,
993,,,83137,,,
994,,,83137,,,
995,,,83137,,,
1586,,,83137,,,
996,PROVENCE-ALPES-COTE D'AZUR,VAUCLUSE,84007,AVIGNON,43.9352448339,4.84071572505
997,PROVENCE-ALPES-COTE D'AZUR,VAUCLUSE,84007,AVIGNON,43.9352448339,4.84071572505
998,PROVENCE-ALPES-COTE D'AZUR,VAUCLUSE,84007,AVIGNON,43.9352448339,4.84071572505
999,,,84007,,,
1000,,,84007,,,
1001,,,84007,,,
1002,,,84007,,,
1587,,,84007,,,
1003,PROVENCE-ALPES-COTE D'AZUR,VAUCLUSE,84031,CARPENTRAS,44.0593802565,5.06134844776
1004,PROVENCE-ALPES-COTE D'AZUR,VAUCLUSE,84031,CARPENTRAS,44.0593802565,5.06134844776
1005,,,84031,,,
1006,,,84031,,,
1007,,,84031,,,
1008,,,84031,,,
1588,,,84031,,,
1009,PAYS DE LA LOIRE,VENDEE,85047,CHALLANS,46.8354416653,-1.84036683139
1010,,,85047,,,
1011,,,85047,,,
1012,,,85047,,,
1013,,,85047,,,
1589,,,85047,,,
1014,PAYS DE LA LOIRE,VENDEE,85194,LES SABLES D'OLONNE,46.5007612799,-1.79255128677
1015,PAYS DE LA LOIRE,VENDEE,85194,LES SABLES D'OLONNE,46.5007612799,-1.79255128677
1016,PAYS DE LA LOIRE,VENDEE,85194,LES SABLES D'OLONNE,46.5007612799,-1.79255128677
1017,,,85194,,,
1018,,,85194,,,
1019,,,85194,,,
1020,,,85194,,,
1590,,,85194,,,
1021,NOUVELLE-AQUITAINE,VIENNE,86194,POITIERS,46.5839207726,0.359947653003
1022,NOUVELLE-AQUITAINE,VIENNE,86194,POITIERS,46.5839207726,0.359947653003
1023,NOUVELLE-AQUITAINE,VIENNE,86194,POITIERS,46.5839207726,0.359947653003
1024,,,86194,,,
1025,,,86194,,,
1026,,,86194,,,
1027,,,86194,,,
1591,,,86194,,,
1028,NOUVELLE-AQUITAINE,HAUTE-VIENNE,87085,LIMOGES,45.8542549589,1.2487579024
1029,NOUVELLE-AQUITAINE,HAUTE-VIENNE,87085,LIMOGES,45.8542549589,1.2487579024
1030,NOUVELLE-AQUITAINE,HAUTE-VIENNE,87085,LIMOGES,45.8542549589,1.2487579024
1031,,,87085,,,
1032,,,87085,,,
1033,,,87085,,,
1034,,,87085,,,
1592,,,87085,,,
1035,ILE-DE-FRANCE,ESSONNE,91114,BRUNOY,48.6964396294,2.50394753271
1036,ILE-DE-FRANCE,ESSONNE,91114,BRUNOY,48.6964396294,2.50394753271
1037,ILE-DE-FRANCE,ESSONNE,91114,BRUNOY,48.6964396294,2.50394753271
1038,,,91114,,,
1039,,,91114,,,
1040,,,91114,,,
1041,,,91114,,,
1593,,,91114,,,
1042,ILE-DE-FRANCE,ESSONNE,91272,GIF SUR YVETTE,48.6988273634,2.12788365005
1043,ILE-DE-FRANCE,ESSONNE,91272,GIF SUR YVETTE,48.6988273634,2.12788365005
1044,ILE-DE-FRANCE,ESSONNE,91272,GIF SUR YVETTE,48.6988273634,2.12788365005
1045,,,91272,,,
1046,,,91272,,,
1047,,,91272,,,
1048,,,91272,,,
1594,,,91272,,,
1049,ILE-DE-FRANCE,ESSONNE,91421,MONTGERON,48.6951531801,2.46249881778
1050,ILE-DE-FRANCE,ESSONNE,91421,MONTGERON,48.6951531801,2.46249881778
1051,,,91421,,,
1052,,,91421,,,
1053,,,91421,,,
1054,,,91421,,,
1595,,,91421,,,
1055,ILE-DE-FRANCE,ESSONNE,91477,PALAISEAU,48.7146765876,2.22881488083
1056,ILE-DE-FRANCE,ESSONNE,91477,PALAISEAU,48.7146765876,2.22881488083
1057,ILE-DE-FRANCE,ESSONNE,91477,PALAISEAU,48.7146765876,2.22881488083
1058,,,91477,,,
1059,,,91477,,,
1060,,,91477,,,
1061,,,91477,,,
1596,,,91477,,,
1062,ILE-DE-FRANCE,HAUTS-DE-SEINE,92002,ANTONY,48.7503412602,2.2993268102
1063,ILE-DE-FRANCE,HAUTS-DE-SEINE,92002,ANTONY,48.7503412602,2.2993268102
1064,ILE-DE-FRANCE,HAUTS-DE-SEINE,92002,ANTONY,48.7503412602,2.2993268102
1065,,,92002,,,
1066,,,92002,,,
1067,,,92002,,,
1068,,,92002,,,
1597,,,92002,,,
1069,ILE-DE-FRANCE,HAUTS-DE-SEINE,92004,ASNIERES,48.9153530123,2.2880384663
1070,ILE-DE-FRANCE,HAUTS-DE-SEINE,92004,ASNIERES,48.9153530123,2.2880384663
1071,ILE-DE-FRANCE,HAUTS-DE-SEINE,92004,ASNIERES,48.9153530123,2.2880384663
1072,,,92004,,,
1073,,,92004,,,
1074,,,92004,,,
1075,,,92004,,,
1598,,,92004,,,
1076,ILE-DE-FRANCE,HAUTS-DE-SEINE,92009,BOIS-COLOMBES,48.9153368426,2.26738552597
1077,ILE-DE-FRANCE,HAUTS-DE-SEINE,92009,BOIS-COLOMBES,48.9153368426,2.26738552597
1078,ILE-DE-FRANCE,HAUTS-DE-SEINE,92009,BOIS-COLOMBES,48.9153368426,2.26738552597
1079,,,92009,,,
1080,,,92009,,,
1081,,,92009,,,
1082,,,92009,,,
1599,,,92009,,,
1083,ILE-DE-FRANCE,HAUTS-DE-SEINE,92012,BOULOGNE BILLANCOURT,48.8365843138,2.23913599058
1084,ILE-DE-FRANCE,HAUTS-DE-SEINE,92012,BOULOGNE BILLANCOURT,48.8365843138,2.23913599058
1085,ILE-DE-FRANCE,HAUTS-DE-SEINE,92012,BOULOGNE BILLANCOURT,48.8365843138,2.23913599058
1086,,,92012,,,
1087,,,92012,,,
1088,,,92012,,,
1089,,,92012,,,
1600,,,92012,,,
1090,ILE-DE-FRANCE,HAUTS-DE-SEINE,92014,BOURG LA REINE,48.7799073627,2.31643010763
1091,ILE-DE-FRANCE,HAUTS-DE-SEINE,92014,BOURG LA REINE,48.7799073627,2.31643010763
1092,ILE-DE-FRANCE,HAUTS-DE-SEINE,92014,BOURG LA REINE,48.7799073627,2.31643010763
1093,,,92014,,,
1094,,,92014,,,
1095,,,92014,,,
1096,,,92014,,,
1601,,,92014,,,
1097,ILE-DE-FRANCE,HAUTS-DE-SEINE,92019,CHATENAY MALABRY,48.7681690197,2.26282598525
1098,ILE-DE-FRANCE,HAUTS-DE-SEINE,92019,CHATENAY MALABRY,48.7681690197,2.26282598525
1099,ILE-DE-FRANCE,HAUTS-DE-SEINE,92019,CHATENAY MALABRY,48.7681690197,2.26282598525
1100,,,92019,,,
1101,,,92019,,,
1102,,,92019,,,
1103,,,92019,,,
1602,,,92019,,,
1104,ILE-DE-FRANCE,HAUTS-DE-SEINE,92020,CHATILLON,48.8034091756,2.28799131883
1105,ILE-DE-FRANCE,HAUTS-DE-SEINE,92020,CHATILLON,48.8034091756,2.28799131883
1106,ILE-DE-FRANCE,HAUTS-DE-SEINE,92020,CHATILLON,48.8034091756,2.28799131883
1107,,,92020,,,
1108,,,92020,,,
1109,,,92020,,,
1110,,,92020,,,
1603,,,92020,,,
1111,ILE-DE-FRANCE,HAUTS-DE-SEINE,92022,CHAVILLE,48.8076083562,2.19234061062
1112,ILE-DE-FRANCE,HAUTS-DE-SEINE,92022,CHAVILLE,48.8076083562,2.19234061062
1113,ILE-DE-FRANCE,HAUTS-DE-SEINE,92022,CHAVILLE,48.8076083562,2.19234061062
1114,,,92022,,,
1115,,,92022,,,
1116,,,92022,,,
1117,,,92022,,,
1604,,,92022,,,
1118,ILE-DE-FRANCE,HAUTS-DE-SEINE,92023,CLAMART,48.7964306792,2.25474652922
1119,ILE-DE-FRANCE,HAUTS-DE-SEINE,92023,CLAMART,48.7964306792,2.25474652922
1120,ILE-DE-FRANCE,HAUTS-DE-SEINE,92023,CLAMART,48.7964306792,2.25474652922
1121,,,92023,,,
1122,,,92023,,,
1123,,,92023,,,
1124,,,92023,,,
1605,,,92023,,,
1125,ILE-DE-FRANCE,HAUTS-DE-SEINE,92024,CLICHY,48.9035359139,2.30575230452
1126,ILE-DE-FRANCE,HAUTS-DE-SEINE,92024,CLICHY,48.9035359139,2.30575230452
1127,,,92024,,,
1128,,,92024,,,
1129,,,92024,,,
1130,,,92024,,,
1606,,,92024,,,
1131,ILE-DE-FRANCE,HAUTS-DE-SEINE,92025,COLOMBES,48.9225179147,2.24675160629
1132,ILE-DE-FRANCE,HAUTS-DE-SEINE,92025,COLOMBES,48.9225179147,2.24675160629
1133,ILE-DE-FRANCE,HAUTS-DE-SEINE,92025,COLOMBES,48.9225179147,2.24675160629
1134,,,92025,,,
1135,,,92025,,,
1136,,,92025,,,
1137,,,92025,,,
1607,,,92025,,,
1138,ILE-DE-FRANCE,HAUTS-DE-SEINE,92026,COURBEVOIE,48.8984504771,2.25570587289
1139,ILE-DE-FRANCE,HAUTS-DE-SEINE,92026,COURBEVOIE,48.8984504771,2.25570587289
1140,ILE-DE-FRANCE,HAUTS-DE-SEINE,92026,COURBEVOIE,48.8984504771,2.25570587289
1141,,,92026,,,
1142,,,92026,,,
1143,,,92026,,,
1144,,,92026,,,
1608,,,92026,,,
1145,ILE-DE-FRANCE,HAUTS-DE-SEINE,92032,FONTENAY AUX ROSES,48.7897301312,2.28723493557
1146,ILE-DE-FRANCE,HAUTS-DE-SEINE,92032,FONTENAY AUX ROSES,48.7897301312,2.28723493557
1147,ILE-DE-FRANCE,HAUTS-DE-SEINE,92032,FONTENAY AUX ROSES,48.7897301312,2.28723493557
1148,,,92032,,,
1149,,,92032,,,
1150,,,92032,,,
1151,,,92032,,,
1609,,,92032,,,
1152,ILE-DE-FRANCE,HAUTS-DE-SEINE,92035,LA GARENNE COLOMBES,48.9067577111,2.24464604084
1153,ILE-DE-FRANCE,HAUTS-DE-SEINE,92035,LA GARENNE COLOMBES,48.9067577111,2.24464604084
1154,ILE-DE-FRANCE,HAUTS-DE-SEINE,92035,LA GARENNE COLOMBES,48.9067577111,2.24464604084
1155,,,92035,,,
1156,,,92035,,,
1157,,,92035,,,
1158,,,92035,,,
1610,,,92035,,,
1159,ILE-DE-FRANCE,HAUTS-DE-SEINE,92040,ISSY LES MOULINEAUX,48.82347434,2.26449823277
1160,ILE-DE-FRANCE,HAUTS-DE-SEINE,92040,ISSY LES MOULINEAUX,48.82347434,2.26449823277
1161,ILE-DE-FRANCE,HAUTS-DE-SEINE,92040,ISSY LES MOULINEAUX,48.82347434,2.26449823277
1162,,,92040,,,
1163,,,92040,,,
1164,,,92040,,,
1165,,,92040,,,
1611,,,92040,,,
1166,ILE-DE-FRANCE,HAUTS-DE-SEINE,92044,LEVALLOIS-PERRET,48.895071672,2.28688268127
1167,ILE-DE-FRANCE,HAUTS-DE-SEINE,92044,LEVALLOIS-PERRET,48.895071672,2.28688268127
1168,ILE-DE-FRANCE,HAUTS-DE-SEINE,92044,LEVALLOIS-PERRET,48.895071672,2.28688268127
1169,,,92044,,,
1170,,,92044,,,
1171,,,92044,,,
1172,,,92044,,,
1612,,,92044,,,
1173,ILE-DE-FRANCE,HAUTS-DE-SEINE,92046,MALAKOFF,48.8169695977,2.29693599517
1174,ILE-DE-FRANCE,HAUTS-DE-SEINE,92046,MALAKOFF,48.8169695977,2.29693599517
1175,ILE-DE-FRANCE,HAUTS-DE-SEINE,92046,MALAKOFF,48.8169695977,2.29693599517
1176,,,92046,,,
1177,,,92046,,,
1178,,,92046,,,
1179,,,92046,,,
1613,,,92046,,,
1180,ILE-DE-FRANCE,HAUTS-DE-SEINE,92048,MEUDON,48.8037275796,2.22696287829
1181,ILE-DE-FRANCE,HAUTS-DE-SEINE,92048,MEUDON,48.8037275796,2.22696287829
1182,ILE-DE-FRANCE,HAUTS-DE-SEINE,92048,MEUDON,48.8037275796,2.22696287829
1183,,,92048,,,
1184,,,92048,,,
1185,,,92048,,,
1186,,,92048,,,
1614,,,92048,,,
1187,ILE-DE-FRANCE,HAUTS-DE-SEINE,92049,MONTROUGE,48.8153032159,2.31648921432
1188,ILE-DE-FRANCE,HAUTS-DE-SEINE,92049,MONTROUGE,48.8153032159,2.31648921432
1189,ILE-DE-FRANCE,HAUTS-DE-SEINE,92049,MONTROUGE,48.8153032159,2.31648921432
1190,,,92049,,,
1191,,,92049,,,
1192,,,92049,,,
1193,,,92049,,,
1615,,,92049,,,
1194,ILE-DE-FRANCE,HAUTS-DE-SEINE,92050,NANTERRE,48.8960701282,2.20671346353
1195,ILE-DE-FRANCE,HAUTS-DE-SEINE,92050,NANTERRE,48.8960701282,2.20671346353
1196,ILE-DE-FRANCE,HAUTS-DE-SEINE,92050,NANTERRE,48.8960701282,2.20671346353
1197,,,92050,,,
1198,,,92050,,,
1199,,,92050,,,
1200,,,92050,,,
1616,,,92050,,,
1201,ILE-DE-FRANCE,HAUTS-DE-SEINE,92051,NEUILLY SUR SEINE,48.8853719688,2.26642584746
1202,ILE-DE-FRANCE,HAUTS-DE-SEINE,92051,NEUILLY SUR SEINE,48.8853719688,2.26642584746
1203,ILE-DE-FRANCE,HAUTS-DE-SEINE,92051,NEUILLY SUR SEINE,48.8853719688,2.26642584746
1204,,,92051,,,
1205,,,92051,,,
1206,,,92051,,,
1207,,,92051,,,
1617,,,92051,,,
1208,ILE-DE-FRANCE,HAUTS-DE-SEINE,92060,LE PLESSIS ROBINSON,48.7804383642,2.26064286011
1209,ILE-DE-FRANCE,HAUTS-DE-SEINE,92060,LE PLESSIS ROBINSON,48.7804383642,2.26064286011
1210,ILE-DE-FRANCE,HAUTS-DE-SEINE,92060,LE PLESSIS ROBINSON,48.7804383642,2.26064286011
1211,,,92060,,,
1212,,,92060,,,
1213,,,92060,,,
1214,,,92060,,,
1618,,,92060,,,
1215,ILE-DE-FRANCE,HAUTS-DE-SEINE,92062,PUTEAUX,48.8837094969,2.23834178314
1216,ILE-DE-FRANCE,HAUTS-DE-SEINE,92062,PUTEAUX,48.8837094969,2.23834178314
1217,ILE-DE-FRANCE,HAUTS-DE-SEINE,92062,PUTEAUX,48.8837094969,2.23834178314
1218,,,92062,,,
1219,,,92062,,,
1220,,,92062,,,
1221,,,92062,,,
1619,,,92062,,,
1222,ILE-DE-FRANCE,HAUTS-DE-SEINE,92063,RUEIL MALMAISON,48.8691897371,2.1773406315
1223,ILE-DE-FRANCE,HAUTS-DE-SEINE,92063,RUEIL MALMAISON,48.8691897371,2.1773406315
1224,ILE-DE-FRANCE,HAUTS-DE-SEINE,92063,RUEIL MALMAISON,48.8691897371,2.1773406315
1225,,,92063,,,
1226,,,92063,,,
1227,,,92063,,,
1228,,,92063,,,
1620,,,92063,,,
1229,ILE-DE-FRANCE,HAUTS-DE-SEINE,92064,SAINT CLOUD,48.8428741034,2.20864570316
1230,ILE-DE-FRANCE,HAUTS-DE-SEINE,92064,SAINT CLOUD,48.8428741034,2.20864570316
1231,ILE-DE-FRANCE,HAUTS-DE-SEINE,92064,SAINT CLOUD,48.8428741034,2.20864570316
1232,,,92064,,,
1233,,,92064,,,
1234,,,92064,,,
1235,,,92064,,,
1621,,,92064,,,
1236,ILE-DE-FRANCE,HAUTS-DE-SEINE,92071,SCEAUX,48.776816369,2.29529414514
1237,,,92071,,,
1238,,,92071,,,
1239,,,92071,,,
1240,,,92071,,,
1622,,,92071,,,
1241,ILE-DE-FRANCE,HAUTS-DE-SEINE,92072,SEVRES,48.821476509,2.21052297438
1242,ILE-DE-FRANCE,HAUTS-DE-SEINE,92072,SEVRES,48.821476509,2.21052297438
1243,ILE-DE-FRANCE,HAUTS-DE-SEINE,92072,SEVRES,48.821476509,2.21052297438
1244,,,92072,,,
1245,,,92072,,,
1246,,,92072,,,
1247,,,92072,,,
1623,,,92072,,,
1248,ILE-DE-FRANCE,HAUTS-DE-SEINE,92073,SURESNES,48.8698479132,2.21965517625
1249,ILE-DE-FRANCE,HAUTS-DE-SEINE,92073,SURESNES,48.8698479132,2.21965517625
1250,ILE-DE-FRANCE,HAUTS-DE-SEINE,92073,SURESNES,48.8698479132,2.21965517625
1251,,,92073,,,
1252,,,92073,,,
1253,,,92073,,,
1254,,,92073,,,
1624,,,92073,,,
1255,ILE-DE-FRANCE,HAUTS-DE-SEINE,92075,VANVES,48.8215227089,2.28739490768
1256,ILE-DE-FRANCE,HAUTS-DE-SEINE,92075,VANVES,48.8215227089,2.28739490768
1257,ILE-DE-FRANCE,HAUTS-DE-SEINE,92075,VANVES,48.8215227089,2.28739490768
1258,,,92075,,,
1259,,,92075,,,
1260,,,92075,,,
1261,,,92075,,,
1625,,,92075,,,
1262,ILE-DE-FRANCE,SEINE-SAINT-DENIS,93005,AULNAY SOUS BOIS,48.9458384367,2.49329041687
1263,ILE-DE-FRANCE,SEINE-SAINT-DENIS,93005,AULNAY SOUS BOIS,48.9458384367,2.49329041687
1264,,,93005,,,
1265,,,93005,,,
1266,,,93005,,,
1267,,,93005,,,
1626,,,93005,,,
1268,ILE-DE-FRANCE,SEINE-SAINT-DENIS,93045,LES LILAS,48.8819208939,2.419667821
1269,ILE-DE-FRANCE,SEINE-SAINT-DENIS,93045,LES LILAS,48.8819208939,2.419667821
1270,ILE-DE-FRANCE,SEINE-SAINT-DENIS,93045,LES LILAS,48.8819208939,2.419667821
1271,,,93045,,,
1272,,,93045,,,
1273,,,93045,,,
1274,,,93045,,,
1627,,,93045,,,
1275,ILE-DE-FRANCE,SEINE-SAINT-DENIS,93048,MONTREUIL SOUS BOIS,48.8633175054,2.44816211857
1276,ILE-DE-FRANCE,SEINE-SAINT-DENIS,93048,MONTREUIL SOUS BOIS,48.8633175054,2.44816211857
1277,ILE-DE-FRANCE,SEINE-SAINT-DENIS,93048,MONTREUIL SOUS BOIS,48.8633175054,2.44816211857
1278,,,93048,,,
1279,,,93048,,,
1280,,,93048,,,
1281,,,93048,,,
1628,,,93048,,,
1282,ILE-DE-FRANCE,SEINE-SAINT-DENIS,93051,NOISY LE GRAND,48.8361825401,2.56443736814
1283,ILE-DE-FRANCE,SEINE-SAINT-DENIS,93051,NOISY LE GRAND,48.8361825401,2.56443736814
1284,ILE-DE-FRANCE,SEINE-SAINT-DENIS,93051,NOISY LE GRAND,48.8361825401,2.56443736814
1285,,,93051,,,
1286,,,93051,,,
1287,,,93051,,,
1288,,,93051,,,
1629,,,93051,,,
1289,ILE-DE-FRANCE,SEINE-SAINT-DENIS,93077,VILLEMOMBLE,48.8848370021,2.50893406035
1290,ILE-DE-FRANCE,SEINE-SAINT-DENIS,93077,VILLEMOMBLE,48.8848370021,2.50893406035
1291,,,93077,,,
1292,,,93077,,,
1293,,,93077,,,
1294,,,93077,,,
1630,,,93077,,,
1295,ILE-DE-FRANCE,VAL-DE-MARNE,94016,CACHAN,48.7916121646,2.33153313164
1296,ILE-DE-FRANCE,VAL-DE-MARNE,94016,CACHAN,48.7916121646,2.33153313164
1297,ILE-DE-FRANCE,VAL-DE-MARNE,94016,CACHAN,48.7916121646,2.33153313164
1298,,,94016,,,
1299,,,94016,,,
1300,,,94016,,,
1301,,,94016,,,
1631,,,94016,,,
1302,ILE-DE-FRANCE,VAL-DE-MARNE,94017,CHAMPIGNY SUR MARNE,48.817254364,2.51709815257
1303,ILE-DE-FRANCE,VAL-DE-MARNE,94017,CHAMPIGNY SUR MARNE,48.817254364,2.51709815257
1304,ILE-DE-FRANCE,VAL-DE-MARNE,94017,CHAMPIGNY SUR MARNE,48.817254364,2.51709815257
1305,,,94017,,,
1306,,,94017,,,
1307,,,94017,,,
1308,,,94017,,,
1632,,,94017,,,
1309,ILE-DE-FRANCE,VAL-DE-MARNE,94018,CHARENTON LE PONT,48.8228084978,2.40760915477
1310,ILE-DE-FRANCE,VAL-DE-MARNE,94018,CHARENTON LE PONT,48.8228084978,2.40760915477
1311,ILE-DE-FRANCE,VAL-DE-MARNE,94018,CHARENTON LE PONT,48.8228084978,2.40760915477
1312,,,94018,,,
1313,,,94018,,,
1314,,,94018,,,
1315,,,94018,,,
1633,,,94018,,,
1316,ILE-DE-FRANCE,VAL-DE-MARNE,94028,CRETEIL,48.7837401836,2.45463530415
1317,ILE-DE-FRANCE,VAL-DE-MARNE,94028,CRETEIL,48.7837401836,2.45463530415
1318,ILE-DE-FRANCE,VAL-DE-MARNE,94028,CRETEIL,48.7837401836,2.45463530415
1319,,,94028,,,
1320,,,94028,,,
1321,,,94028,,,
1322,,,94028,,,
1634,,,94028,,,
1323,ILE-DE-FRANCE,VAL-DE-MARNE,94033,FONTENAY SOUS BOIS,48.8511046382,2.47395409774
1324,ILE-DE-FRANCE,VAL-DE-MARNE,94033,FONTENAY SOUS BOIS,48.8511046382,2.47395409774
1325,ILE-DE-FRANCE,VAL-DE-MARNE,94033,FONTENAY SOUS BOIS,48.8511046382,2.47395409774
1326,,,94033,,,
1327,,,94033,,,
1328,,,94033,,,
1329,,,94033,,,
1635,,,94033,,,
1330,ILE-DE-FRANCE,VAL-DE-MARNE,94038,L'HAY LES ROSES,48.7763207843,2.33772915609
1331,ILE-DE-FRANCE,VAL-DE-MARNE,94038,L'HAY LES ROSES,48.7763207843,2.33772915609
1332,ILE-DE-FRANCE,VAL-DE-MARNE,94038,L'HAY LES ROSES,48.7763207843,2.33772915609
1333,,,94038,,,
1334,,,94038,,,
1335,,,94038,,,
1336,,,94038,,,
1636,,,94038,,,
1337,ILE-DE-FRANCE,VAL-DE-MARNE,94046,MAISONS-ALFORT,48.8063923267,2.43818248906
1338,ILE-DE-FRANCE,VAL-DE-MARNE,94046,MAISONS-ALFORT,48.8063923267,2.43818248906
1339,ILE-DE-FRANCE,VAL-DE-MARNE,94046,MAISONS-ALFORT,48.8063923267,2.43818248906
1340,,,94046,,,
1341,,,94046,,,
1342,,,94046,,,
1343,,,94046,,,
1637,,,94046,,,
1344,ILE-DE-FRANCE,VAL-DE-MARNE,94052,NOGENT SUR MARNE,48.8366634713,2.48166741533
1345,ILE-DE-FRANCE,VAL-DE-MARNE,94052,NOGENT SUR MARNE,48.8366634713,2.48166741533
1346,ILE-DE-FRANCE,VAL-DE-MARNE,94052,NOGENT SUR MARNE,48.8366634713,2.48166741533
1347,,,94052,,,
1348,,,94052,,,
1349,,,94052,,,
1350,,,94052,,,
1638,,,94052,,,
1351,ILE-DE-FRANCE,VAL-DE-MARNE,94058,LE PERREUX SUR MARNE,48.8423952383,2.50406848573
1352,ILE-DE-FRANCE,VAL-DE-MARNE,94058,LE PERREUX SUR MARNE,48.8423952383,2.50406848573
1353,ILE-DE-FRANCE,VAL-DE-MARNE,94058,LE PERREUX SUR MARNE,48.8423952383,2.50406848573
1354,,,94058,,,
1355,,,94058,,,
1356,,,94058,,,
1357,,,94058,,,
1639,,,94058,,,
1358,ILE-DE-FRANCE,VAL-DE-MARNE,94067,SAINT MANDE,48.842440243,2.4192191088
1359,ILE-DE-FRANCE,VAL-DE-MARNE,94067,SAINT MANDE,48.842440243,2.4192191088
1360,ILE-DE-FRANCE,VAL-DE-MARNE,94067,SAINT MANDE,48.842440243,2.4192191088
1361,,,94067,,,
1362,,,94067,,,
1363,,,94067,,,
1364,,,94067,,,
1640,,,94067,,,
1365,ILE-DE-FRANCE,VAL-DE-MARNE,94068,SAINT MAUR DES FOSSES,48.7990677797,2.49386450452
1366,ILE-DE-FRANCE,VAL-DE-MARNE,94068,SAINT MAUR DES FOSSES,48.7990677797,2.49386450452
1367,ILE-DE-FRANCE,VAL-DE-MARNE,94068,SAINT MAUR DES FOSSES,48.7990677797,2.49386450452
1368,,,94068,,,
1369,,,94068,,,
1370,,,94068,,,
1371,,,94068,,,
1641,,,94068,,,
1372,ILE-DE-FRANCE,VAL-DE-MARNE,94071,SUCY EN BRIE,48.7656456593,2.5330560803
1373,ILE-DE-FRANCE,VAL-DE-MARNE,94071,SUCY EN BRIE,48.7656456593,2.5330560803
1374,ILE-DE-FRANCE,VAL-DE-MARNE,94071,SUCY EN BRIE,48.7656456593,2.5330560803
1375,,,94071,,,
1376,,,94071,,,
1377,,,94071,,,
1378,,,94071,,,
1642,,,94071,,,
1379,ILE-DE-FRANCE,VAL-DE-MARNE,94076,VILLEJUIF,48.7928547268,2.36006103249
1380,,,94076,,,
1381,,,94076,,,
1382,,,94076,,,
1383,,,94076,,,
1643,,,94076,,,
1384,ILE-DE-FRANCE,VAL-DE-MARNE,94080,VINCENNES,48.8473732045,2.43798650741
1385,ILE-DE-FRANCE,VAL-DE-MARNE,94080,VINCENNES,48.8473732045,2.43798650741
1386,ILE-DE-FRANCE,VAL-DE-MARNE,94080,VINCENNES,48.8473732045,2.43798650741
1387,,,94080,,,
1388,,,94080,,,
1389,,,94080,,,
1390,,,94080,,,
1644,,,94080,,,
1391,ILE-DE-FRANCE,VAL-DE-MARNE,94081,VITRY SUR SEINE,48.7882828307,2.39412680533
1392,ILE-DE-FRANCE,VAL-DE-MARNE,94081,VITRY SUR SEINE,48.7882828307,2.39412680533
1393,ILE-DE-FRANCE,VAL-DE-MARNE,94081,VITRY SUR SEINE,48.7882828307,2.39412680533
1394,,,94081,,,
1395,,,94081,,,
1396,,,94081,,,
1397,,,94081,,,
1645,,,94081,,,
1398,ILE-DE-FRANCE,VAL-D'OISE,95428,MONTMORENCY,48.9918643363,2.32119797848
1399,ILE-DE-FRANCE,VAL-D'OISE,95428,MONTMORENCY,48.9918643363,2.32119797848
1400,ILE-DE-FRANCE,VAL-D'OISE,95428,MONTMORENCY,48.9918643363,2.32119797848
1401,,,95428,,,
1402,,,95428,,,
1403,,,95428,,,
1404,,,95428,,,
1646,,,95428,,,
1405,ILE-DE-FRANCE,VAL-D'OISE,95555,ST GRATIEN,48.9689724948,2.28518003438
1406,ILE-DE-FRANCE,VAL-D'OISE,95555,ST GRATIEN,48.9689724948,2.28518003438
1407,,,95555,,,
1408,,,95555,,,
1409,,,95555,,,
1410,,,95555,,,
1647,,,95555,,,
1411,GUADELOUPE,GUADELOUPE,97113,LE GOSIER,16.2252192032,-61.4698776652
1412,,,97113,,,
1413,,,97113,,,
1414,,,97113,,,
1415,,,97113,,,
1648,,,97113,,,
1416,LA REUNION,LA REUNION,97411,SAINT DENIS,-20.9329708192,55.446867167
1417,LA REUNION,LA REUNION,97411,SAINT DENIS,-20.9329708192,55.446867167
1418,LA REUNION,LA REUNION,97411,SAINT DENIS,-20.9329708192,55.446867167
1419,,,97411,,,
1420,,,97411,,,
1421,,,97411,,,
1422,,,97411,,,
1649,,,97411,,,
1423,LA REUNION,LA REUNION,97415,SAINT PAUL,-21.0445317522,55.3223334298
1424,LA REUNION,LA REUNION,97415,SAINT PAUL,-21.0445317522,55.3223334298
1425,LA REUNION,LA REUNION,97415,SAINT PAUL,-21.0445317522,55.3223334298
1426,,,97415,,,
1427,,,97415,,,
1428,,,97415,,,
1429,,,97415,,,
1650,,,97415,,,
1430,LA REUNION,LA REUNION,97416,SAINT PIERRE,-21.3123242427,55.4936155164
1431,LA REUNION,LA REUNION,97416,SAINT PIERRE,-21.3123242427,55.4936155164
1432,LA REUNION,LA REUNION,97416,SAINT PIERRE,-21.3123242427,55.4936155164
1433,,,97416,,,
1434,,,97416,,,
1435,,,97416,,,
1436,,,97416,,,
1651,,,97416,,,
1437,LA REUNION,LA REUNION,97422,TAMPON,-21.223274585,55.5584875266
1438,LA REUNION,LA REUNION,97422,TAMPON,-21.223274585,55.5584875266
1439,LA REUNION,LA REUNION,97422,TAMPON,-21.223274585,55.5584875266
1440,,,97422,,,
1441,,,97422,,,
1442,,,97422,,,
1443,,,97422,,,
1652,,,97422,,,
